timestamp,header.stamp.sec,header.stamp.nanosec,pose.pose.position.x,pose.pose.position.y,pose.pose.position.z,pose.pose.orientation.x,pose.pose.orientation.y,pose.pose.orientation.z,pose.pose.orientation.w,twist.twist.linear.x,twist.twist.linear.y,twist.twist.linear.z,twist.twist.angular.x,twist.twist.angular.y,twist.twist.angular.z
1757390543747267533,1757390541,178753137,-0.003929710007922518,-0.0013158057028449027,-0.04927872033740118,0.0002904181825874064,-4.7422706802100925e-05,-0.0013452688403358763,0.9999990518296071,0.0,0.0,0.0,0.0,0.0,0.0
1757390543759922848,1757390541,278820991,-0.003150399288789358,0.0010620604482432425,-0.05048340693944797,0.0009901464723585226,-0.0004949084902645866,-0.0006203845909666131,0.9999991948989304,0.0,0.0,0.0,0.0,0.0,0.0
1757390543768948399,1757390541,378821849,-0.0021796334509637623,0.0038147955331854473,-0.05140619388389694,0.00035653857747187207,0.00029856820946768775,0.0004802037968595889,0.9999997765707653,0.0,0.0,0.0,0.0,0.0,0.0
1757390543782520414,1757390541,475176095,-0.0031662806511606784,0.005461239387379904,-0.051779720418762304,0.00037757724010354385,-5.401375537331545e-05,0.0017464154408295936,0.9999984022742486,0.0,0.0,0.0,0.0,0.0,0.0
1757390543795748849,1757390541,577672719,-0.003085146374996547,0.007362616350590251,-0.05266833404205888,0.0010366468814050345,0.0002418065122734632,0.0005165572918450037,0.999999300030464,0.0,0.0,0.0,0.0,0.0,0.0
1757390543815451356,1757390541,678494930,-0.0025764415815856907,0.008578045784972088,-0.05311934885483347,0.0009027257984442844,0.00024741993065912986,0.0006447037265494318,0.9999993541130993,0.0,0.0,0.0,0.0,0.0,0.0
1757390543824391742,1757390541,778827190,-0.002011517056822966,0.00938295593569899,-0.05334959528907342,0.0008643189175761088,0.00023748474953692622,0.0006751272273129293,0.9999993703783164,0.0,0.0,0.0,0.0,0.0,0.0
1757390543833749208,1757390541,878849029,-0.001508428002953886,0.009923262034851825,-0.05346484049616578,0.0008454637790988968,0.00023012827282681007,0.000685131767712603,0.9999993814130272,0.0,0.0,0.0,0.0,0.0,0.0
1757390543848728503,1757390541,979754209,-0.0010866440399967265,0.010297067945728934,-0.05351975749832738,0.0008352818087104035,0.00022389598286470496,0.0006845579322066011,0.9999993917774783,0.0,0.0,0.0,0.0,0.0,0.0
1757390543859204793,1757390542,78836441,-0.0007422211176831364,0.010555652491880632,-0.05354003652984968,0.0008285254246816829,0.00021993148830610872,0.0006837975070671258,0.9999993987981843,0.0,0.0,0.0,0.0,0.0,0.0
1757390543867570309,1757390542,178762912,-0.0004644902186287334,0.010734394568992457,-0.05354073792891752,0.0008237216274278817,0.00021721005396814307,0.0006830614541769947,0.9999994038645836,0.0,0.0,0.0,0.0,0.0,0.0
1757390543874082881,1757390542,278924703,-0.0002422789563117717,0.010856584296531004,-0.053525076931397596,0.0008185932775365105,0.0002173343191986925,0.0006830253914290785,0.9999994080734019,0.0,0.0,0.0,0.0,0.0,0.0
1757390543889181467,1757390543,677978754,-0.0019923674726730492,0.009426270959400884,-0.05092309522428439,0.00021239402782639147,0.0013439065217963524,0.0018096808289704562,0.9999974369263825,0.0,0.0,0.0,0.0,0.0,0.0
1757390543900542375,1757390543,778589248,-0.0028390483317457076,0.006732594341028713,-0.05103890058327101,0.0006267316159647707,0.0006059503871353725,0.0022441518372472435,0.999997101902871,0.0,0.0,0.0,0.0,0.0,0.0
1757390543917608237,1757390543,878857135,-0.0014368591031528098,0.005267800922643682,-0.05202029462704801,0.0006840859515482143,-0.0006018871343713921,0.002315986591352675,0.9999969029774027,0.0,0.0,0.0,0.0,0.0,0.0
1757390544005995937,1757390543,980270624,-0.000901525134073457,0.005322578590229922,-0.0530109050673458,0.0005338046743265054,-0.0016459740027544804,0.0035555895297036465,0.9999921817720618,0.0,0.0,0.0,0.0,0.0,0.0
1757390544110896495,1757390544,78947305,-0.00021658227989728525,0.005354610325371198,-0.05323906206524641,0.0006005347554985809,-0.001690728334120064,0.004483005044616317,0.9999883416627803,0.0,0.0,0.0,0.0,0.0,0.0
1757390544218620072,1757390544,178832769,0.0008496334481188303,0.006680891699580291,-0.05338574032582559,0.00034184359416112176,-0.0025424147632742778,0.004383219749212138,0.9999871032442162,0.0,0.0,0.0,0.0,0.0,0.0
1757390544311471979,1757390544,279766082,0.0016784244375772656,0.005203763221191697,-0.05282966678113098,0.0014664423868794452,-0.007364622397659496,0.006866410882016777,0.9999482308026076,0.0,0.0,0.0,0.0,0.0,0.0
1757390544428530271,1757390544,378895998,0.0021398335495676456,0.004360628081683844,-0.05177679975248671,0.0022865408802754455,-0.01785947658183703,0.015147028845926166,0.999723150849357,0.0,0.0,0.0,0.0,0.0,0.0
1757390544509815940,1757390544,478902101,0.002491289442712082,0.00411669047925373,-0.050639221229884256,0.0024632838207118246,-0.031493892108089463,0.03163824075127775,0.9990000444018343,0.0,0.0,0.0,0.0,0.0,0.0
1757390544617628766,1757390544,578615665,0.002933841213980595,0.004799198225342142,-0.0509928041995628,0.004479231473566972,-0.04216971274226534,0.0478859414687756,0.9979521974635309,0.0,0.0,0.0,0.0,0.0,0.0
1757390544719084477,1757390544,678925991,0.004268680983734202,0.005615127132339973,-0.052222176326581646,0.00680487501502423,-0.04631202400438776,0.06565684176953758,0.9967437329812999,0.0,0.0,0.0,0.0,0.0,0.0
1757390544822954586,1757390544,778775215,0.007529827473955389,0.006277083928985837,-0.05380195918374232,0.010065338101737037,-0.04280373749368306,0.08440627506186535,0.9954607524938641,0.0,0.0,0.0,0.0,0.0,0.0
1757390544945877663,1757390544,879713296,0.011331352454388864,0.0074934857392510035,-0.05555251769877873,0.013576347267212553,-0.03456470037046789,0.10594349969616995,0.9936784888258914,0.0,0.0,0.0,0.0,0.0,0.0
1757390545006129670,1757390544,976723909,0.01824115204121151,0.008886302736318047,-0.05687043711056025,0.015701263770030865,-0.01689607493738365,0.1237501967381955,0.9920453022795844,0.0,0.0,0.0,0.0,0.0,0.0
1757390545127389960,1757390545,78924894,0.026641187002054666,0.011795454217612193,-0.0568131184683353,0.018571304500186323,0.0012969183364285194,0.14927660578057464,0.988620209999078,0.0,0.0,0.0,0.0,0.0,0.0
1757390545221618806,1757390545,178642749,0.03541572013868306,0.015170243919775856,-0.05560592871972733,0.01932828707072406,0.013512374011603805,0.1749874289619653,0.9842881858341912,0.0,0.0,0.0,0.0,0.0,0.0
1757390545327419432,1757390545,279735803,0.045749388611879646,0.019617216500451312,-0.05315459706233754,0.021139404337151755,0.021342616527828186,0.19922011329085676,0.9794942392706528,0.0,0.0,0.0,0.0,0.0,0.0
1757390545407715768,1757390545,378359317,0.057640693372184165,0.02286419324310822,-0.04963211775122968,0.022922799500469493,0.019172408252077482,0.22478930071897738,0.9739490409190565,0.0,0.0,0.0,0.0,0.0,0.0
1757390545507771192,1757390545,478794574,0.06920413930995095,0.02732714204829897,-0.04693853902251892,0.02010369379017727,0.012581317773013257,0.24987115870328505,0.9679886135628679,0.0,0.0,0.0,0.0,0.0,0.0
1757390545628299987,1757390545,578628540,0.07973332916706671,0.03315565764479762,-0.044568900580060244,0.015088842716443819,0.0022556325285941594,0.2719249795846863,0.9621975080123844,0.0,0.0,0.0,0.0,0.0,0.0
1757390545727427626,1757390545,678869962,0.08958310309048956,0.03956999151969662,-0.043487436266881195,0.014173586081325854,-0.008139484411532196,0.29354860285685014,0.9558044130531628,0.0,0.0,0.0,0.0,0.0,0.0
1757390545806531056,1757390545,779763460,0.0993995550064529,0.045207567943827076,-0.04284599751884494,0.017965011757816896,-0.015322569273732514,0.3128682618761401,0.9495029899552693,0.0,0.0,0.0,0.0,0.0,0.0
1757390545913059384,1757390545,878915071,0.1091674496861604,0.0525328724927714,-0.0428404182643319,0.016967624062959034,-0.02373024144596169,0.32766170061102257,0.9443446327095141,0.0,0.0,0.0,0.0,0.0,0.0
1757390546011595528,1757390545,978455781,0.11793662470820518,0.06120396839117287,-0.04372519059695434,0.01024309893074219,-0.03576313193278817,0.34391925534999873,0.9382620226344852,0.0,0.0,0.0,0.0,0.0,0.0
1757390546107911807,1757390546,78851938,0.12623547684693975,0.07038812913274216,-0.04506459881514927,0.0009387817460420125,-0.0549811777372145,0.3613677126425889,0.9308004969073262,0.0,0.0,0.0,0.0,0.0,0.0
1757390546213026430,1757390546,178906440,0.13427009731078035,0.0814863360301025,-0.04551755957790409,-0.011202042310501637,-0.0699565110867834,0.37659803911692247,0.9236636388523299,0.0,0.0,0.0,0.0,0.0,0.0
1757390546315125245,1757390546,278889656,0.1434990737937521,0.09303676015248102,-0.045789249465105555,-0.013668966760619728,-0.06743054094196327,0.39302042046527336,0.9169521419317757,0.0,0.0,0.0,0.0,0.0,0.0
1757390546412013770,1757390546,378655195,0.15424835870098239,0.10595044754973734,-0.04629434490134294,-0.006189114238030691,-0.04957585579979946,0.4080869288899354,0.9115750039661283,0.0,0.0,0.0,0.0,0.0,0.0
1757390546510292075,1757390546,478979587,0.1676340373359755,0.1184298470595582,-0.04644610771957402,0.005554760585300195,-0.027714051041028753,0.4204909625756784,0.9068563427588268,0.0,0.0,0.0,0.0,0.0,0.0
1757390546624639621,1757390546,578956842,0.18366960435643423,0.1324064205055999,-0.04655722549032618,0.013688597853224384,-0.0019948594593660156,0.4314786295921222,0.9020170924266648,0.0,0.0,0.0,0.0,0.0,0.0
1757390546710079741,1757390546,678679704,0.20129586023570423,0.148890039739755,-0.04720047612152402,0.011117996953628827,0.02247843103476203,0.4405689336386423,0.8973684443941987,0.0,0.0,0.0,0.0,0.0,0.0
1757390546806817184,1757390546,779020547,0.2199714435140061,0.16815390260223928,-0.04905245764599608,-0.0008591515462374119,0.046943360244190775,0.4465037960588936,0.8935490713400147,0.0,0.0,0.0,0.0,0.0,0.0
1757390546924208246,1757390546,878912925,0.23700865251352954,0.1902606033705466,-0.05101343167431718,-0.01366492711435647,0.054516651725431006,0.4555286502522188,0.8884451886588159,0.0,0.0,0.0,0.0,0.0,0.0
1757390547031271476,1757390546,978723287,0.25147536935581755,0.2118014009208365,-0.052844135429819875,-0.026575156583248976,0.061161289973273095,0.4616233781575319,0.8845659468913606,0.0,0.0,0.0,0.0,0.0,0.0
1757390547146053592,1757390547,79035758,0.26439079648678543,0.23267614203820675,-0.05437870297376123,-0.04399940871230578,0.0742131961210952,0.4651471306656582,0.8810190692533076,0.0,0.0,0.0,0.0,0.0,0.0
1757390547211414084,1757390547,178807020,0.27578166988879654,0.25090573437532626,-0.05566230495297755,-0.03569140037154686,0.046933777895187066,0.47094998094344964,0.8801871732088393,0.0,0.0,0.0,0.0,0.0,0.0
1757390547307335734,1757390547,278666973,0.2854360591297093,0.2637199213007372,-0.056854945130035944,-0.007893085889479194,-0.005855445197272733,0.47453805627657125,0.8801801213967154,0.0,0.0,0.0,0.0,0.0,0.0
1757390547408930837,1757390547,378717899,0.2916843656223354,0.27336772583813285,-0.05865752384331909,0.0250300783291364,-0.05516514229180945,0.47899832782700325,0.8757230750606589,0.0,0.0,0.0,0.0,0.0,0.0
1757390547508029585,1757390547,478940963,0.29496627998131875,0.2807503668435654,-0.0617096067777926,0.047886176508218116,-0.0831302448526088,0.47995586873045115,0.8720313300342869,0.0,0.0,0.0,0.0,0.0,0.0
1757390547607866536,1757390547,578579902,0.2991057156034936,0.28996139844406316,-0.06427420762972401,0.0590935452171921,-0.08186832841362235,0.4776123428086854,0.8727496661203725,0.0,0.0,0.0,0.0,0.0,0.0
1757390547708464439,1757390547,678639411,0.3077837317766898,0.30100388004914025,-0.06709987379393442,0.06801697380451506,-0.05449083363719959,0.47814800305057936,0.8739444647703549,0.0,0.0,0.0,0.0,0.0,0.0
1757390547811605361,1757390547,778809309,0.32175741639151456,0.31538381407546134,-0.07029712485322029,0.0757505556571309,-0.018400043388949842,0.4692668395845747,0.8796089614068433,0.0,0.0,0.0,0.0,0.0,0.0
1757390547911173106,1757390547,878892183,0.3397172076648761,0.33332126049450994,-0.07319181823495322,0.07387245002619976,0.021168551024452108,0.4582172074949879,0.8855121367492074,0.0,0.0,0.0,0.0,0.0,0.0
1757390548006543219,1757390547,978392362,0.3583424403052246,0.3529877311486199,-0.0746013597391171,0.05336754003988188,0.0628720611761708,0.44378716747373187,0.8923295128926272,0.0,0.0,0.0,0.0,0.0,0.0
1757390548107288404,1757390548,78931808,0.3754878095466759,0.37774777913012136,-0.07514317733099574,0.022348497746940928,0.09363254140559375,0.42779083937416457,0.8987371637948063,0.0,0.0,0.0,0.0,0.0,0.0
1757390548206791975,1757390548,178692102,0.3895072319082757,0.40324182730659175,-0.07617420535035338,-0.006865987423943953,0.08678211534269929,0.41787573444309706,0.9043238320629303,0.0,0.0,0.0,0.0,0.0,0.0
1757390548306016131,1757390548,278689622,0.40029156154356343,0.42624564562052586,-0.07776253625251175,-0.03604432019074772,0.07561285919929003,0.40733141085219843,0.9094309342873997,0.0,0.0,0.0,0.0,0.0,0.0
1757390548405561410,1757390548,379025697,0.41088666315814304,0.4483949753499795,-0.07939869633733146,-0.05974267019080558,0.06741610672723901,0.4012418783662882,0.9115321370951804,0.0,0.0,0.0,0.0,0.0,0.0
1757390548524291776,1757390548,478744506,0.41728477600595765,0.4662893948743192,-0.08132401626368238,-0.06874509201838552,0.060110205132159505,0.39788701143229316,0.9128783060714235,0.0,0.0,0.0,0.0,0.0,0.0
1757390548605920123,1757390548,578941345,0.4235054194767552,0.4787477041404663,-0.08361621650641954,-0.05126626040142072,0.0325262682962598,0.38721223206191907,0.9199894019806967,0.0,0.0,0.0,0.0,0.0,0.0
1757390548731631179,1757390548,678620338,0.4279862821506626,0.48458858308868846,-0.08509046950472447,-0.00696148072046122,-0.016575108981442224,0.37275371713711203,0.9277561478690927,0.0,0.0,0.0,0.0,0.0,0.0
1757390548815714465,1757390548,778889656,0.4359687417472754,0.48490549641390057,-0.08595092045962148,0.041323866005479236,-0.053477665800585966,0.349425344393054,0.9345236251987842,0.0,0.0,0.0,0.0,0.0,0.0
1757390548932755219,1757390548,878779888,0.44480456614736463,0.48299067768026444,-0.08672725524141367,0.0788807814392143,-0.06030572858824027,0.3264481968582989,0.9399854340291375,0.0,0.0,0.0,0.0,0.0,0.0
1757390549006770548,1757390548,978876113,0.45670074533110505,0.4821456195995859,-0.08672296687431355,0.09321089855859717,-0.04459081135524322,0.29713778254359263,0.9492273311054927,0.0,0.0,0.0,0.0,0.0,0.0
1757390549122660095,1757390549,78520536,0.47058275433882224,0.48711389734508836,-0.08655538390136679,0.07931776997288215,-0.02272871829077927,0.2697216612174648,0.9593968533414515,0.0,0.0,0.0,0.0,0.0,0.0
1757390549213768689,1757390549,179486751,0.4835906019000169,0.4976141894787633,-0.08606190663507267,0.037579934115943445,-0.010192680082651673,0.2434758244540442,0.9691250593865569,0.0,0.0,0.0,0.0,0.0,0.0
1757390549309272953,1757390549,278700590,0.4972339234216977,0.5143813084991697,-0.08667765594727161,-0.021491557722699336,-0.0081206365424587,0.22084368926277914,0.9750385803246977,0.0,0.0,0.0,0.0,0.0,0.0
1757390549434243172,1757390549,378905057,0.509569526314879,0.5347415376347315,-0.08848524324340439,-0.08632451042160727,-0.007571908525631527,0.2001887259039803,0.9759176292713901,0.0,0.0,0.0,0.0,0.0,0.0
1757390549527440956,1757390549,479052543,0.521096630109083,0.5546064400903593,-0.09068730767054722,-0.13420118772341091,0.0006013899331279472,0.18437582785031295,0.9736504679032851,0.0,0.0,0.0,0.0,0.0,0.0
1757390549607404186,1757390549,579844951,0.5322054076295673,0.5719158068176502,-0.09219972426164852,-0.1483831174935554,0.0071941309200790685,0.16971047935221326,0.9742325431442129,0.0,0.0,0.0,0.0,0.0,0.0
1757390549725003177,1757390549,678882598,0.5448131352947458,0.5842850140573339,-0.09236119189326124,-0.12944068639818931,0.014957709274293365,0.15094685521238932,0.9799165385580147,0.0,0.0,0.0,0.0,0.0,0.0
1757390549821750514,1757390549,778737306,0.5591928236363364,0.5901832141516828,-0.09104059932202127,-0.08160940763575049,0.022078430997864877,0.13144569797432662,0.9877117372766491,0.0,0.0,0.0,0.0,0.0,0.0
1757390549906297538,1757390549,878742933,0.5739854381800026,0.5883021237441216,-0.0899253562703605,-0.021268118426574445,0.028157415757592574,0.11158316245834671,0.9931284030437563,0.0,0.0,0.0,0.0,0.0,0.0
1757390550008138789,1757390549,978761672,0.5877813661516739,0.5809233844571684,-0.09075897949909903,0.03353061624195132,0.03563804957106043,0.08810729957479846,0.9949084033009483,0.0,0.0,0.0,0.0,0.0,0.0
1757390550134580444,1757390550,78652381,0.6001321426655669,0.5694088630323322,-0.09330211269660953,0.06601514263739461,0.03788733988345313,0.062193584533701454,0.9951575294705706,0.0,0.0,0.0,0.0,0.0,0.0
1757390550208832301,1757390550,178964376,0.6094872446288526,0.5592431957634661,-0.09597265392711764,0.07099486873882661,0.03790166397654797,0.04208238686141578,0.9958675942094972,0.0,0.0,0.0,0.0,0.0,0.0
1757390550329872628,1757390550,278944969,0.6162469936133994,0.5531520360991962,-0.09820010620937028,0.051428719306954994,0.03495856960852227,0.024451389090971543,0.9977650599278843,0.0,0.0,0.0,0.0,0.0,0.0
1757390550427903863,1757390550,378756523,0.6207239489468718,0.5535929439542281,-0.1007840583169726,0.010500032545815323,0.02405255019683348,0.010691808015455934,0.999598374041758,0.0,0.0,0.0,0.0,0.0,0.0
1757390550523866324,1757390550,479084253,0.6248985309523537,0.5598496225068539,-0.10344406127471441,-0.03819536889225557,0.005343077927468853,-0.006966495765158102,0.9992317214991723,0.0,0.0,0.0,0.0,0.0,0.0
1757390550608763047,1757390550,578765869,0.6293778251398613,0.5682601049136728,-0.1051014450011644,-0.08157871262196063,-0.013369189015362822,-0.026925113595260772,0.9962134393240725,0.0,0.0,0.0,0.0,0.0,0.0
1757390550727576227,1757390550,678601980,0.6333920871184987,0.5769685576504838,-0.10601420405856328,-0.1063504056296322,-0.033875267179299964,-0.04788211661821175,0.9925972800708774,0.0,0.0,0.0,0.0,0.0,0.0
1757390550808479776,1757390550,778145790,0.6393518220370316,0.5831607895765821,-0.1059431992318279,-0.1105434134674088,-0.05409818174241863,-0.07098054400409372,0.989856203114382,0.0,0.0,0.0,0.0,0.0,0.0
1757390550908256620,1757390550,878944873,0.6477835933013179,0.5866689827565731,-0.10573655975283862,-0.09700061934598664,-0.04938728379083405,-0.09512562796196966,0.9894962814235835,0.0,0.0,0.0,0.0,0.0,0.0
1757390551017352716,1757390550,978764295,0.6605864721758263,0.5851136522457419,-0.1048205096511457,-0.07030277198777475,-0.02759984679998269,-0.11773968526550278,0.9901682358170417,0.0,0.0,0.0,0.0,0.0,0.0
1757390551128773076,1757390551,78638315,0.6782843313985183,0.5786097685108629,-0.10455517094822117,-0.038960003041395776,-0.005530050672729253,-0.14626843234974268,0.9884619782270433,0.0,0.0,0.0,0.0,0.0,0.0
1757390551225969561,1757390551,178836107,0.701025168432871,0.5681847992395374,-0.10592114472752262,-0.011087317537740216,0.025182430126090186,-0.17549431937335988,0.9840958593909654,0.0,0.0,0.0,0.0,0.0,0.0
1757390551307145518,1757390551,278545379,0.7258646260392376,0.5558546010384137,-0.10811645871914217,0.00372990027079252,0.057470110116186114,-0.2041625736747819,0.977241483870641,0.0,0.0,0.0,0.0,0.0,0.0
1757390551429047120,1757390551,378683090,0.7500278641876997,0.5441364893614913,-0.11057829226022405,0.002016006799653901,0.07300700985470086,-0.23230823409478657,0.9698962813623019,0.0,0.0,0.0,0.0,0.0,0.0
1757390551507465393,1757390551,478835344,0.7712153671615776,0.5342834007054115,-0.11287124022317462,-0.015650213030943532,0.07288237516515464,-0.26054958955897617,0.9625783820567657,0.0,0.0,0.0,0.0,0.0,0.0
1757390551619819662,1757390551,578817129,0.7897633459662965,0.5268054481402975,-0.11474097890544112,-0.03868947284256471,0.061658967734286634,-0.28603803198541217,0.9554493919863148,0.0,0.0,0.0,0.0,0.0,0.0
1757390551727716428,1757390551,678586483,0.8063273680791376,0.5211487530764358,-0.11622246966697725,-0.0641093375492002,0.031021803299566053,-0.3095533572357563,0.9482111366057234,0.0,0.0,0.0,0.0,0.0,0.0
1757390551818296512,1757390551,778110027,0.8187206737896271,0.517312770428573,-0.1170005138325621,-0.08413603443414307,-0.014549309551608856,-0.329194115612475,0.9403938959539181,0.0,0.0,0.0,0.0,0.0,0.0
1757390551909127718,1757390551,877970695,0.8279490878340962,0.51301731560103,-0.11708182418931642,-0.09203253867036348,-0.05093015196497052,-0.3477054013135708,0.9316850784165656,0.0,0.0,0.0,0.0,0.0,0.0
1757390552007361943,1757390551,978957891,0.8374823329246737,0.5059448713722849,-0.11668267892577394,-0.08239334951911675,-0.06483001207290476,-0.3661948005218136,0.9246133102872989,0.0,0.0,0.0,0.0,0.0,0.0
1757390552125121322,1757390552,78596115,0.848977215924122,0.49478806056352875,-0.11556165902685701,-0.06632577098161482,-0.06244594152806117,-0.3847036587706625,0.9185338814757102,0.0,0.0,0.0,0.0,0.0,0.0
1757390552223585371,1757390552,178774833,0.864592844765413,0.4804251938865727,-0.11519739238945212,-0.05133672613576909,-0.05043577494839793,-0.4047156093032165,0.9116063013940512,0.0,0.0,0.0,0.0,0.0,0.0
1757390552306829512,1757390552,279014348,0.8829816255586226,0.4626245922653277,-0.11275758969431982,-0.042210610283534726,-0.02551974070641758,-0.42650743334858277,0.9031380938218545,0.0,0.0,0.0,0.0,0.0,0.0
1757390552426473625,1757390552,378843069,0.9037235654502381,0.4408858351394039,-0.11126784666609717,-0.036179380175051755,-0.004877702345484977,-0.4493240200282618,0.8926226445120133,0.0,0.0,0.0,0.0,0.0,0.0
1757390552539300089,1757390552,478422164,0.9246812173718586,0.4198496592696602,-0.11138961171788504,-0.03519901396247305,0.01580395018180656,-0.46704932138170596,0.8833890399883897,0.0,0.0,0.0,0.0,0.0,0.0
1757390552635774114,1757390552,578975677,0.9426572869908678,0.3997398186133894,-0.11324350660697045,-0.03688144413611045,0.020350718237142754,-0.4819169945157798,0.875203757843021,0.0,0.0,0.0,0.0,0.0,0.0
1757390552728007634,1757390552,679077625,0.9566034258670042,0.37994985922999364,-0.11695383332825589,-0.03888241732439792,0.017703850260129536,-0.49641205520828546,0.8670350643156621,0.0,0.0,0.0,0.0,0.0,0.0
1757390552824404952,1757390552,778807640,0.9663231532188798,0.36107795794742364,-0.12011061673655532,-0.029675270822854472,0.01900948802994277,-0.5090311352404479,0.860026349027895,0.0,0.0,0.0,0.0,0.0,0.0
1757390552942775367,1757390552,878760576,0.9716278442668047,0.3443645211699757,-0.1220576860829951,-0.016042820909318845,0.020857851363308075,-0.5182318736189783,0.8548352490972404,0.0,0.0,0.0,0.0,0.0,0.0
1757390553011639009,1757390552,978722095,0.9745154422376479,0.3287638479679364,-0.12208176890495802,-0.008876418878218393,0.013653632309246929,-0.5272692124753805,0.8495422091269239,0.0,0.0,0.0,0.0,0.0,0.0
1757390553115003882,1757390553,78816175,0.9762970029927868,0.31454858748146275,-0.12052120199448772,-0.006415545163754968,0.0006357081055151101,-0.5370003564971033,0.843557380251895,0.0,0.0,0.0,0.0,0.0,0.0
1757390553206642985,1757390553,178700447,0.9772376107019061,0.3018438410359914,-0.11929050248997222,-0.009748147625367335,-0.014449170690676789,-0.5472111607991583,0.83681308580893,0.0,0.0,0.0,0.0,0.0,0.0
1757390553305769395,1757390553,278696537,0.9783890900058738,0.2922965611274828,-0.1175116000236502,-0.022397648613735378,-0.040349099772502756,-0.5565116569335186,0.829557153655632,0.0,0.0,0.0,0.0,0.0,0.0
1757390553422239318,1757390553,378832340,0.9827731301606291,0.2829702599399061,-0.11608279863095346,-0.0306546640351522,-0.05257972802192156,-0.5680258034360361,0.82075718114731,0.0,0.0,0.0,0.0,0.0,0.0
1757390553519099499,1757390553,478811264,0.9884824457796737,0.27447173310746975,-0.11504436141857995,-0.04149744700335408,-0.057135403921413655,-0.5788682286178573,0.8123577299489214,0.0,0.0,0.0,0.0,0.0,0.0
1757390553619777854,1757390553,578620910,0.9955349253306631,0.2650450441059322,-0.11430039261947625,-0.05144626859049142,-0.05593740260171197,-0.5901465904014228,0.8037109494562484,0.0,0.0,0.0,0.0,0.0,0.0
1757390553727156025,1757390553,678785562,1.0051516041813058,0.25317958627151177,-0.11423319007415256,-0.05720967142426657,-0.04971983403531965,-0.6025236501754392,0.7944937020381551,0.0,0.0,0.0,0.0,0.0,0.0
1757390553829697239,1757390553,778707981,1.0162326204356122,0.23816019572355282,-0.11437660234891432,-0.06009513556778573,-0.03852733994424434,-0.6126226974363244,0.7871452530148116,0.0,0.0,0.0,0.0,0.0,0.0
1757390553930323678,1757390553,878891468,1.0272771047220446,0.2193028778624636,-0.11474432011196257,-0.056230612601311604,-0.015855765677177707,-0.6236114041412638,0.7795482855642958,0.0,0.0,0.0,0.0,0.0,0.0
1757390554044349453,1757390553,978807210,1.0372476918165354,0.19818647949742874,-0.11584608377062325,-0.05729390073762103,-0.006652973008730367,-0.6346898696712492,0.7706113911856648,0.0,0.0,0.0,0.0,0.0,0.0
1757390554109819866,1757390554,78779220,1.044511747366586,0.17554827549757976,-0.1178270690760212,-0.059276514067450506,-0.0025962210500036116,-0.6426598336702748,0.7638507005319598,0.0,0.0,0.0,0.0,0.0,0.0
1757390554243439335,1757390554,178691864,1.0512492891205256,0.1509482655239675,-0.11859333959658568,-0.057501991828062586,0.004702132026687931,-0.6514325377049326,0.7565097882443562,0.0,0.0,0.0,0.0,0.0,0.0
1757390554318829826,1757390554,278810024,1.0580471684283812,0.12428911378803406,-0.11689746854754045,-0.04556605419825736,0.01295684020698873,-0.6599761653359574,0.7497915151461083,0.0,0.0,0.0,0.0,0.0,0.0
1757390554430549699,1757390554,379038333,1.0620844005800256,0.0966668990148348,-0.11289863553368987,-0.03401418537737372,0.018110240260846486,-0.6660767745922331,0.7448870952967406,0.0,0.0,0.0,0.0,0.0,0.0
1757390554529046692,1757390554,478924989,1.065527892726043,0.0680531201019729,-0.10904407809026888,-0.03143471032641027,0.01828485013873544,-0.672596285329966,0.7391155256131681,0.0,0.0,0.0,0.0,0.0,0.0
1757390554629848705,1757390554,576771974,1.0685784684394577,0.0424499524659656,-0.1062116173151104,-0.03478824406340286,0.016021394430532205,-0.6807136220165804,0.7315477139575753,0.0,0.0,0.0,0.0,0.0,0.0
1757390554727657661,1757390554,676046848,1.0710147232497942,0.01842845654039378,-0.10563893894255375,-0.04149702801770278,0.01802873023202861,-0.6873145153620747,0.7249494592897597,0.0,0.0,0.0,0.0,0.0,0.0
1757390554814656965,1757390554,778690099,1.073555678745044,-0.006786075853230562,-0.10499473120433439,-0.044120552515079015,0.028629600186745777,-0.6933050893785079,0.718722321818914,0.0,0.0,0.0,0.0,0.0,0.0
1757390554929487436,1757390554,878833055,1.076916297039189,-0.031718009786082954,-0.10504903855580926,-0.05403982943303702,0.03270181731516989,-0.6972967691607544,0.713994050183268,0.0,0.0,0.0,0.0,0.0,0.0
1757390555010644999,1757390554,978704214,1.080526576966979,-0.05512596889292363,-0.10476657825026162,-0.06201282337583015,0.03483123322862243,-0.7017133569115781,0.7089002466219175,0.0,0.0,0.0,0.0,0.0,0.0
1757390555110574346,1757390555,78841686,1.0830313431578429,-0.07626642887378315,-0.10491165179114859,-0.06714319744435365,0.027406460787719383,-0.7051798752159563,0.7053098755401404,0.0,0.0,0.0,0.0,0.0,0.0
1757390555234875723,1757390555,178789377,1.0831279983695417,-0.09727394570553413,-0.10474319301806853,-0.05546348905249778,0.024519217078340802,-0.7118541404287462,0.69970443197856,0.0,0.0,0.0,0.0,0.0,0.0
1757390555329063955,1757390555,278545856,1.082235568227515,-0.1179084579529118,-0.10510358894204709,-0.03272916941101812,0.022788298038749634,-0.7177861967713999,0.6951204720525869,0.0,0.0,0.0,0.0,0.0,0.0
1757390555439175876,1757390555,378762006,1.0790609969607816,-0.13709797710111676,-0.10423077673047745,-0.01001065208266975,0.01581124954667518,-0.7252192671243948,0.6882636165192872,0.0,0.0,0.0,0.0,0.0,0.0
1757390555507982921,1757390555,478777647,1.0749448156112185,-0.15402343697617346,-0.10320624086114706,0.010382751656474678,0.00767845879506039,-0.732821239475264,0.6802986628772032,0.0,0.0,0.0,0.0,0.0,0.0
1757390555608467596,1757390555,578869581,1.0701319332881143,-0.16920894129199573,-0.10194535691930512,0.021023308689033123,-0.001143371716694883,-0.7421820854539344,0.6698674982592691,0.0,0.0,0.0,0.0,0.0,0.0
1757390555707788824,1757390555,678876399,1.0655068099629057,-0.18343941603184394,-0.10014453797381098,0.023464220264178014,-0.004521784604602536,-0.7523641632220095,0.6583138687059761,0.0,0.0,0.0,0.0,0.0,0.0
1757390555826625000,1757390555,778914451,1.0627698302331852,-0.19634143073303661,-0.0993310044615106,0.0013966369456326188,-0.015529109151276664,-0.7638214988129821,0.6452391914052488,0.0,0.0,0.0,0.0,0.0,0.0
1757390555907759808,1757390555,878810644,1.0614944262858135,-0.20720495068044903,-0.09878480546432677,-0.029231556823091594,-0.02393624216207498,-0.7769930927032501,0.6283743361152614,0.0,0.0,0.0,0.0,0.0,0.0
1757390556034866990,1757390555,978712081,1.0609451618882952,-0.2168391757880403,-0.09976621825905951,-0.0499762728698079,-0.019091063341704864,-0.7883149483788608,0.6129416331209354,0.0,0.0,0.0,0.0,0.0,0.0
1757390556127218315,1757390556,78745603,1.0608137818011194,-0.22490356545010234,-0.10004345038713609,-0.0742646296482263,-0.01744099859750665,-0.8000547357632096,0.5950571368650195,0.0,0.0,0.0,0.0,0.0,0.0
1757390556222620446,1757390556,178824901,1.060408150926692,-0.23545329058217496,-0.09941174590349634,-0.08964358100427575,-0.012656396772331054,-0.8104184663375592,0.5788140922822712,0.0,0.0,0.0,0.0,0.0,0.0
1757390556346435609,1757390556,279173374,1.0585977648281286,-0.24807619014582644,-0.09912230007130894,-0.08900833636969707,-0.005906592370153223,-0.821617079357465,0.5630168764179105,0.0,0.0,0.0,0.0,0.0,0.0
1757390556449635669,1757390556,378615140,1.0557481127298762,-0.26298595845974837,-0.09722492144664342,-0.08198386623874052,0.0008281562056745087,-0.8329356453999924,0.5472624328929819,0.0,0.0,0.0,0.0,0.0,0.0
1757390556522088509,1757390556,478466272,1.0503103772790712,-0.28085603722125263,-0.09440965528836012,-0.07160966992682549,0.002389346825810275,-0.8442323088353836,0.5311667863422886,0.0,0.0,0.0,0.0,0.0,0.0
1757390556620992066,1757390556,578899145,1.0431057005840314,-0.3014057554100017,-0.09131552025586441,-0.06046075024816074,0.0008897054393340702,-0.8556605993397504,0.5139928451264668,0.0,0.0,0.0,0.0,0.0,0.0
1757390556722740222,1757390556,678658008,1.0345726771508406,-0.3227804650666006,-0.0886650723087009,-0.04910987345394245,-0.008232412375249418,-0.8678690823750618,0.4942911121730694,0.0,0.0,0.0,0.0,0.0,0.0
1757390556817747148,1757390556,779107570,1.0231551425444343,-0.3432051808421075,-0.08652854400930643,-0.035129055254253076,-0.018313932405037918,-0.879123960863528,0.4749437975091678,0.0,0.0,0.0,0.0,0.0,0.0
1757390556918054776,1757390556,878729343,1.0096448768904547,-0.3643136673674563,-0.08544270924898587,-0.013251519364699826,-0.019013784418939153,-0.8909287984089446,0.45355126435959925,0.0,0.0,0.0,0.0,0.0,0.0
1757390557018303778,1757390556,978805541,0.9949519698424731,-0.3847384134082537,-0.08613260584977236,0.002085742734258319,-0.02019518912683304,-0.9017013914270708,0.4318823968534284,0.0,0.0,0.0,0.0,0.0,0.0
1757390557119234392,1757390557,78647136,0.9810342130330199,-0.40410480225660383,-0.08783357217485846,0.010666798842958465,-0.019972006940484614,-0.9117003554794619,0.41023139831055816,0.0,0.0,0.0,0.0,0.0,0.0
1757390557218939435,1757390557,178690910,0.9685107655614008,-0.420898307519578,-0.08991030261632989,0.00684774945492413,-0.019947810154611306,-0.9198360417171998,0.39173568838627904,0.0,0.0,0.0,0.0,0.0,0.0
1757390557323578265,1757390557,278522491,0.9572659323673189,-0.43331042684750914,-0.09205746515314098,-0.010162579572338534,-0.02491765584878772,-0.9279221788898576,0.3718013748330368,0.0,0.0,0.0,0.0,0.0,0.0
1757390557436274605,1757390557,378770351,0.9474089551481093,-0.4410769258504029,-0.09311918159544558,-0.03976488162762801,-0.036931794590979394,-0.9336841852136185,0.35396135243753923,0.0,0.0,0.0,0.0,0.0,0.0
1757390557508905355,1757390557,478764533,0.9407019998460082,-0.44609130211114434,-0.09266107547777205,-0.06023822093157451,-0.05043015738654307,-0.9388322967380323,0.3352940121245213,0.0,0.0,0.0,0.0,0.0,0.0
1757390557625035746,1757390557,578616857,0.9345947520363875,-0.4493962866222169,-0.09016242014895083,-0.06495009284684523,-0.05868028428173065,-0.9439908490090003,0.318149943679184,0.0,0.0,0.0,0.0,0.0,0.0
1757390557710744126,1757390557,678736448,0.9283644369480519,-0.45248316590519144,-0.08703436177790405,-0.07026994988960822,-0.06744694340214333,-0.9498700238783516,0.29708581538935797,0.0,0.0,0.0,0.0,0.0,0.0
1757390557808353562,1757390557,778718948,0.9219828909698741,-0.45652934033144354,-0.08363732197587981,-0.08895614579980303,-0.07929121106620247,-0.955578340588889,0.26957326085775657,0.0,0.0,0.0,0.0,0.0,0.0
1757390557929310701,1757390557,878729820,0.9140994712074808,-0.4617155956865814,-0.08110803354932794,-0.0999502642986649,-0.0861417343432869,-0.9608835962616965,0.24350002198387288,0.0,0.0,0.0,0.0,0.0,0.0
1757390558020406113,1757390557,978540897,0.9033397576462632,-0.468970484642926,-0.07977219855961737,-0.09787299149583155,-0.0851267571409722,-0.967971048750002,0.21495665036499878,0.0,0.0,0.0,0.0,0.0,0.0
1757390558126576464,1757390558,78773260,0.8898524725601298,-0.47845110051927686,-0.07964200779763442,-0.0774374194217971,-0.07409567795284717,-0.9760645130393387,0.18923885163274268,0.0,0.0,0.0,0.0,0.0,0.0
1757390558235080417,1757390558,178714513,0.8750759222769746,-0.48781187410830706,-0.07945193749087914,-0.05585795506415937,-0.05795763715346912,-0.9835413175041141,0.16176303012094143,0.0,0.0,0.0,0.0,0.0,0.0
1757390558310614093,1757390558,278736114,0.8578631940188411,-0.49753605482879576,-0.07861828314593286,-0.0513108574928484,-0.045815313343626346,-0.9883445110533134,0.13580603976760713,0.0,0.0,0.0,0.0,0.0,0.0
1757390558406355415,1757390558,378795146,0.8402312594086792,-0.5060949526553465,-0.07577971719852224,-0.055420078181546074,-0.03621842762260509,-0.9917018852939891,0.1102007764911175,0.0,0.0,0.0,0.0,0.0,0.0
1757390558527736916,1757390558,478598356,0.8214534108173946,-0.5137621417193972,-0.07303323058042434,-0.049417369174343626,-0.0323515279932737,-0.9944804185815797,0.08671792962353835,0.0,0.0,0.0,0.0,0.0,0.0
1757390558625835758,1757390558,578673839,0.8007539378285641,-0.5189603853707031,-0.07064255753327474,-0.03141427865750069,-0.027275929378590205,-0.9969646036973699,0.06580840180029703,0.0,0.0,0.0,0.0,0.0,0.0
1757390558706740134,1757390558,678738832,0.7798628517839434,-0.5246440191196697,-0.06831057693497332,-0.017611644826049558,-0.016053690136083848,-0.9987677552788787,0.04353251675156919,0.0,0.0,0.0,0.0,0.0,0.0
1757390558837721754,1757390558,778691530,0.7594707902457175,-0.5298400358307412,-0.06563964105365774,-0.01236726723301305,-0.006610481029659894,-0.9996373568428468,0.02298928111078104,0.0,0.0,0.0,0.0,0.0,0.0
1757390558907217111,1757390558,878864288,0.7388594692904416,-0.5333822946379659,-0.06377707151431511,-0.012443286505276886,-0.0017945530730600365,-0.9998862487004377,0.008332698241390097,0.0,0.0,0.0,0.0,0.0,0.0
1757390559017135050,1757390558,978756189,0.7193842343155403,-0.5367830150785945,-0.061488882243128345,0.019426689223832175,0.003882522939839488,0.9997829484684738,0.006448698559172073,0.0,0.0,0.0,0.0,0.0,0.0
1757390559139767781,1757390559,78712701,0.7028533243124736,-0.540159313864866,-0.060247214731164386,0.023907993742838925,0.010188937556713726,0.9995077211038798,0.017575802695377483,0.0,0.0,0.0,0.0,0.0,0.0
1757390559242627446,1757390559,178801059,0.6869746334137449,-0.5414092290357931,-0.06069660218042551,0.02880969622845465,0.022371379002987017,0.9989507880772326,0.027691980871813848,0.0,0.0,0.0,0.0,0.0,0.0
1757390559323171611,1757390559,279238224,0.6733534252892939,-0.5411911330927481,-0.061552623138108456,0.03382154658136903,0.03456871269682478,0.9979920952362017,0.04090091607024209,0.0,0.0,0.0,0.0,0.0,0.0
1757390559409305516,1757390559,378790378,0.6603666157826144,-0.5383720120161084,-0.0625280448882341,0.04218655689971959,0.043929566044765195,0.9966885467377586,0.05387419090659084,0.0,0.0,0.0,0.0,0.0,0.0
1757390559527993200,1757390559,478923559,0.6473641950216233,-0.5337340343605547,-0.06286280190907956,0.052328727992444035,0.04727559571178974,0.9950277261666985,0.07033168870657028,0.0,0.0,0.0,0.0,0.0,0.0
1757390559607438959,1757390559,578737735,0.6335835519561497,-0.5296140810811222,-0.06237824379659243,0.04741888406137996,0.04725324017474201,0.9938772333351106,0.08790122744027815,0.0,0.0,0.0,0.0,0.0,0.0
1757390559719530955,1757390559,678782224,0.6178467421543192,-0.5269215732446147,-0.06185095554233447,0.02168289725979062,0.042493718321585564,0.9935172202001442,0.10318754302436374,0.0,0.0,0.0,0.0,0.0,0.0
1757390559820407305,1757390559,778729915,0.6005519147505306,-0.5251485903067988,-0.06201034294303153,-0.013242776548740268,0.03211487559348401,0.9923470710452973,0.11849284460554985,0.0,0.0,0.0,0.0,0.0,0.0
1757390559911780077,1757390559,878805637,0.5817915221637838,-0.5238158093294814,-0.06252510814441703,-0.0256190679614855,0.012292715909035926,0.9905604544626553,0.13409898786755325,0.0,0.0,0.0,0.0,0.0,0.0
1757390560032203743,1757390559,978802442,0.5648062343262333,-0.5237799272207063,-0.06305796985394138,-0.00815383635685958,-0.008343758824209803,0.9887751574025194,0.14895497556299245,0.0,0.0,0.0,0.0,0.0,0.0
1757390560111268000,1757390560,78635692,0.5504171383125704,-0.5244298901927904,-0.06361283599433018,0.025763546123208192,-0.023489721377844965,0.9851901694490758,0.16788330084213174,0.0,0.0,0.0,0.0,0.0,0.0
1757390560233928430,1757390560,178739309,0.5377276571814211,-0.5247386715919614,-0.06388115785817536,0.06256379845269301,-0.029936927763513334,0.9814331220719402,0.17882555292624447,0.0,0.0,0.0,0.0,0.0,0.0
1757390560324478995,1757390560,278483629,0.5268995407072806,-0.5233109647360343,-0.06348530831820431,0.08766069065791435,-0.027803967614899276,0.9773321962261251,0.19069431275752857,0.0,0.0,0.0,0.0,0.0,0.0
1757390560413700156,1757390560,378648757,0.514560133394425,-0.5202964063692274,-0.062279049539097985,0.09518976137482814,-0.020554628385092377,0.9747863316551598,0.20076858369682873,0.0,0.0,0.0,0.0,0.0,0.0
1757390560513137138,1757390560,478832721,0.49879959785255423,-0.5138933179454361,-0.060419896366098604,0.08813926647473429,-0.006198842098922953,0.973119854617432,0.21267532205518525,0.0,0.0,0.0,0.0,0.0,0.0
1757390560610869052,1757390560,578745126,0.4795883655065347,-0.5056864418841758,-0.058860534056015476,0.06166847219293413,0.009039574359900585,0.972554767733531,0.22417071483929052,0.0,0.0,0.0,0.0,0.0,0.0
1757390560727157792,1757390560,678740501,0.4582200411279579,-0.4959695802166803,-0.05778849667291927,0.0465887481164354,0.017460546922663828,0.9699633062707171,0.23810880357198858,0.0,0.0,0.0,0.0,0.0,0.0
1757390560807411745,1757390560,778808593,0.43480705368896627,-0.4853064628497675,-0.05720609286618148,0.0390760315348292,0.019183303400295688,0.9663836047531377,0.2533925671650068,0.0,0.0,0.0,0.0,0.0,0.0
1757390560927602949,1757390560,878451108,0.4097402029615635,-0.4736432993534075,-0.057057301971406925,0.025523715843155666,0.0159960058792044,0.9635667496422883,0.2657664138096949,0.0,0.0,0.0,0.0,0.0,0.0
1757390561012167694,1757390560,978704690,0.3845591254097898,-0.46173997953782114,-0.05488685297984316,0.012331750820995448,0.008600577891689682,0.9597424050404586,0.28047900803584946,0.0,0.0,0.0,0.0,0.0,0.0
1757390561120046881,1757390561,78720092,0.3601148791991227,-0.4492334351105172,-0.052490009931808544,0.0035765469736873013,-0.0024817103289328443,0.9558991715590692,0.2936627712841268,0.0,0.0,0.0,0.0,0.0,0.0
1757390561222393786,1757390561,178772449,0.33559279569467443,-0.43666336303784903,-0.050428319025772994,-0.0022336257681277545,-0.013264313113735333,0.9517956182172713,0.3064378730769925,0.0,0.0,0.0,0.0,0.0,0.0
1757390561321187058,1757390561,278764009,0.31290045509248327,-0.423644830242611,-0.04959564257816356,0.0027417235572579565,-0.01331657137530661,0.948452674509367,0.31662702994970415,0.0,0.0,0.0,0.0,0.0,0.0
1757390561420988029,1757390561,378522396,0.2913046032408072,-0.4111755882580419,-0.0489859436897146,-0.002344213952876143,-0.003090945436588614,0.9455763073658774,0.32537731584356483,0.0,0.0,0.0,0.0,0.0,0.0
1757390561510173309,1757390561,477145671,0.27322179743491554,-0.39702435891361376,-0.05049163431892258,-0.009687563004965254,0.015292910716533197,0.9428715272334461,0.33266433703856785,0.0,0.0,0.0,0.0,0.0,0.0
1757390561639312753,1757390561,578920602,0.25658717294343575,-0.38256254516698446,-0.053750429426333096,-0.014166626729003923,0.035130564560560684,0.9404475840284592,0.33782168642023525,0.0,0.0,0.0,0.0,0.0,0.0
1757390561733242529,1757390561,678658246,0.2420187365025399,-0.3674843828215367,-0.05748104656965983,-0.00316908358370575,0.0485249947875524,0.9357385675991751,0.34932594363652913,0.0,0.0,0.0,0.0,0.0,0.0
1757390561843970980,1757390561,778771638,0.2320597940625136,-0.35520374457309095,-0.06086775598346138,0.011991631990723835,0.05446743772676577,0.9318389638095218,0.3585605172297651,0.0,0.0,0.0,0.0,0.0,0.0
1757390561933967086,1757390561,878737688,0.22521362563228842,-0.3460430126604871,-0.06241319022521262,0.028666838328109363,0.05059203212654488,0.9264147794700359,0.3719869823596806,0.0,0.0,0.0,0.0,0.0,0.0
1757390562006563690,1757390561,977408647,0.22110504038279466,-0.3392109623542624,-0.06219353456972977,0.061774199997912824,0.02813967900039641,0.9213804924049518,0.3826879863491681,0.0,0.0,0.0,0.0,0.0,0.0
1757390562125389597,1757390562,78835725,0.21542366888061942,-0.3344806490941642,-0.061489888496136666,0.09268227446109648,-0.0028224522087207868,0.9150864308344515,0.3924523587225742,0.0,0.0,0.0,0.0,0.0,0.0
1757390562226792671,1757390562,178821563,0.2089003523640786,-0.3301731018624049,-0.060611264575271606,0.10261661975404675,-0.027725708947626083,0.9084379507025271,0.4042791166224123,0.0,0.0,0.0,0.0,0.0,0.0
1757390562309679171,1757390562,278796195,0.1984724102124801,-0.32557674039375206,-0.0593034134992725,0.09828950640596872,-0.04066536689803229,0.905451684701047,0.4109047913295184,0.0,0.0,0.0,0.0,0.0,0.0
1757390562426775512,1757390562,378777503,0.1856489621428688,-0.31651898360907493,-0.057754912234461185,0.08672150230277237,-0.04322398164089346,0.9048531363376894,0.41455020215807986,0.0,0.0,0.0,0.0,0.0,0.0
1757390562509855094,1757390562,478617191,0.17137826948041443,-0.30390129729461407,-0.057363636108825014,0.056113297014324305,-0.029998556598743894,0.9070353524091045,0.4162189976205625,0.0,0.0,0.0,0.0,0.0,0.0
1757390562610788589,1757390562,578814029,0.15537793860234367,-0.287452375709711,-0.058056712012980544,0.02981617447583178,-0.009567586003598338,0.9076384135577994,0.4185832859443525,0.0,0.0,0.0,0.0,0.0,0.0
1757390562732805591,1757390562,678763389,0.13812148901332502,-0.2666296280281581,-0.058710751568985725,0.01787356871929383,0.012154675829103203,0.9064295251271934,0.42180364552053917,0.0,0.0,0.0,0.0,0.0,0.0
1757390562807640710,1757390562,778713226,0.11860181114254026,-0.2433585776260086,-0.057866122068539166,0.01412284930371987,0.03174359306703289,0.9048550884684295,0.42429960912017073,0.0,0.0,0.0,0.0,0.0,0.0
1757390562938949831,1757390562,878706216,0.09939557851639218,-0.21902203558430589,-0.05458859950453189,0.014957701245277467,0.04894855102279676,0.90152568808022,0.4296879568450939,0.0,0.0,0.0,0.0,0.0,0.0
1757390563025807626,1757390562,978691101,0.08059690638073733,-0.19509320523439946,-0.050481352343003556,0.014741801997103357,0.053045156278036264,0.8983336642953381,0.4358503392943817,0.0,0.0,0.0,0.0,0.0,0.0
1757390563123653852,1757390563,78699350,0.0633644375087474,-0.1742628493486837,-0.046680906502287636,0.003901451675954121,0.042768216892149394,0.8951460182315671,0.44369952033201154,0.0,0.0,0.0,0.0,0.0,0.0
1757390563222245570,1757390563,178818702,0.04517138134246609,-0.1551991962291939,-0.04377315118885921,-0.011186370253751085,0.026954468978032158,0.8924320591123835,0.45023698381084754,0.0,0.0,0.0,0.0,0.0,0.0
1757390563327136353,1757390563,278942823,0.02810591872845656,-0.13865944697659974,-0.04021448937281734,-0.01884609309236459,0.009551419826142618,0.8897453528148378,0.45596798385287807,0.0,0.0,0.0,0.0,0.0,0.0
1757390563437051338,1757390563,378761529,0.012945313080772356,-0.12347835127821595,-0.03659696649079086,-0.017471636910115274,-0.005799583574328836,0.8880471174618717,0.4593837436193251,0.0,0.0,0.0,0.0,0.0,0.0
1757390563506770084,1757390563,478848457,-0.00016462778717553188,-0.11126580745352567,-0.035120897989612744,-0.0003991444517874171,-0.02262091906982911,0.8875261953099002,0.46020146386433397,0.0,0.0,0.0,0.0,0.0,0.0
1757390563607174494,1757390563,578847169,-0.011332226514633652,-0.09858244141650815,-0.03533594272542314,0.027548123393794945,-0.034682913687137495,0.8857264005218728,0.46208975298551896,0.0,0.0,0.0,0.0,0.0,0.0
1757390563710896580,1757390563,678725719,-0.020617019185075053,-0.08575876444917004,-0.03667967558601802,0.038367162321135025,-0.028212090969244923,0.8859623859406391,0.46130541886795196,0.0,0.0,0.0,0.0,0.0,0.0
1757390563838607727,1757390563,778930425,-0.02821620971064431,-0.07304835554602036,-0.03919320136020635,0.03133065057811191,-0.006142742584515373,0.8877811026391588,0.4591572397825087,0.0,0.0,0.0,0.0,0.0,0.0
1757390563917917839,1757390563,878834486,-0.03596706080891806,-0.05832215812417629,-0.042079867919312425,0.02308137564145453,0.015372025694361925,0.888045865899652,0.4589177387975838,0.0,0.0,0.0,0.0,0.0,0.0
1757390564012614970,1757390563,978706121,-0.04369196311482717,-0.04313132857683077,-0.04521923672708824,0.011477268488313676,0.03896892591637388,0.8860991115188989,0.4617120961014442,0.0,0.0,0.0,0.0,0.0,0.0
1757390564120263427,1757390564,78655481,-0.051687305559360144,-0.027445001388898913,-0.04740356949915732,0.00109127784187725,0.05127537405439335,0.8843509166215257,0.4639968764969449,0.0,0.0,0.0,0.0,0.0,0.0
1757390564206731840,1757390564,178541898,-0.06086600977926358,-0.012917063742308428,-0.04882556174356566,-0.006058394680735525,0.05179719186968952,0.8824165667827046,0.4675696198810735,0.0,0.0,0.0,0.0,0.0,0.0
1757390564318315426,1757390564,278760910,-0.07028277620606405,-0.0008263864490814961,-0.04925675663036371,-0.009553851520633887,0.037634865178270895,0.879832856521658,0.4736945064375083,0.0,0.0,0.0,0.0,0.0,0.0
1757390564443130342,1757390564,378652572,-0.07897743387559157,0.007364274123501529,-0.04934400221370281,-0.0037924300442571937,0.01193675536954059,0.8782916084718785,0.4779612764999771,0.0,0.0,0.0,0.0,0.0,0.0
1757390564508486667,1757390564,478919267,-0.0862877161351171,0.012154220325455423,-0.04970173553361069,0.004413133894575745,-0.015643416255765253,0.875729918888967,0.4825276333432115,0.0,0.0,0.0,0.0,0.0,0.0
1757390564633151377,1757390564,578736782,-0.0935715214569256,0.013039954206586454,-0.05028342488473368,0.019010282213531744,-0.039617327647672076,0.8734577719055605,0.4849129790158153,0.0,0.0,0.0,0.0,0.0,0.0
1757390564708317524,1757390564,678712606,-0.09963731336637521,0.01334680027244638,-0.050298339338983596,0.04610254831041728,-0.058205553132221546,0.8710951359822104,0.4854687762276705,0.0,0.0,0.0,0.0,0.0,0.0
1757390564834139555,1757390564,778664588,-0.10382115066290509,0.014601219440975019,-0.050929804507622044,0.06822420700546171,-0.0652404049079639,0.8700553260378792,0.4838314549293387,0.0,0.0,0.0,0.0,0.0,0.0
1757390564919298105,1757390564,878837347,-0.10658214900020715,0.018401810767835834,-0.051282175572505063,0.06968635638437697,-0.054984705909997496,0.8719707663474742,0.4814431186394288,0.0,0.0,0.0,0.0,0.0,0.0
1757390565011282756,1757390564,978583335,-0.110632430408932,0.025083217813826914,-0.05141723567624254,0.05689382477437139,-0.035302034220368525,0.8758394550888933,0.47793525502105133,0.0,0.0,0.0,0.0,0.0,0.0
1757390565107275444,1757390565,78869581,-0.11455067536763723,0.036090222194887,-0.05152905890692107,0.04443058279349245,-0.017455879085314794,0.8776191089926012,0.4769758014082287,0.0,0.0,0.0,0.0,0.0,0.0
1757390565213010871,1757390565,178504943,-0.11925379333041378,0.04966460369043635,-0.05106324676336426,0.05283362232673901,-0.011772982929407726,0.8794477636809944,0.47290764022299,0.0,0.0,0.0,0.0,0.0,0.0
1757390565326094476,1757390565,278789520,-0.12478441629821106,0.06319825956444139,-0.04922969914710204,0.06446875852832332,-0.013547851394634186,0.8815965361279849,0.46738397745702,0.0,0.0,0.0,0.0,0.0,0.0
1757390565407067353,1757390565,378910779,-0.13185492513395192,0.07789492156856981,-0.046100152064734744,0.07172079472584697,-0.014694755355308228,0.8820330375701683,0.46546526444374225,0.0,0.0,0.0,0.0,0.0,0.0
1757390565511841748,1757390565,478832483,-0.139951810388455,0.0957099446467616,-0.04346523078847118,0.06482842594510772,-0.011667532731831617,0.8830494882228651,0.46463399059772564,0.0,0.0,0.0,0.0,0.0,0.0
1757390565615631777,1757390565,578873634,-0.15279271227476354,0.11698170471240112,-0.041386588578549675,0.05082018386704454,-0.004409172111664587,0.8868771315667183,0.45918059804068284,0.0,0.0,0.0,0.0,0.0,0.0
1757390565731367482,1757390565,678707599,-0.16792830987873755,0.14068946017560463,-0.04027836064959146,0.037448421687335434,0.0065634874790187914,0.8897174618469359,0.45492568011696854,0.0,0.0,0.0,0.0,0.0,0.0
1757390565828632116,1757390565,778600454,-0.18523130477904645,0.16774754474973017,-0.04068957554439174,0.026080285726009962,0.029691406916625966,0.890492640503089,0.45327816653970604,0.0,0.0,0.0,0.0,0.0,0.0
1757390565914330822,1757390565,878766775,-0.20216600007343632,0.19537619103147522,-0.04290776788690737,0.004235799524239921,0.05439212919573662,0.8901992182774624,0.4522929427507574,0.0,0.0,0.0,0.0,0.0,0.0
1757390566031779758,1757390565,978694200,-0.21923195397269324,0.22124320499891825,-0.04662844996644433,-0.011499425526273602,0.07065873482439237,0.8904090095263211,0.44949627602454906,0.0,0.0,0.0,0.0,0.0,0.0
1757390566112680005,1757390566,78890085,-0.23367188957847818,0.24575678204425117,-0.049591729493879605,-0.020891214001903233,0.07916126738742645,0.8893232513669372,0.44989021494280407,0.0,0.0,0.0,0.0,0.0,0.0
1757390566208309565,1757390566,178526401,-0.24574869420309706,0.2667506719095522,-0.05167204999932711,-0.02941223383598036,0.07659881648148223,0.8891300833835916,0.45023908830387144,0.0,0.0,0.0,0.0,0.0,0.0
1757390566317570034,1757390566,278420925,-0.25658757359156775,0.2815384036250421,-0.05280529128473276,-0.015290635856247986,0.05644547610596018,0.8880148382356974,0.45608086098356654,0.0,0.0,0.0,0.0,0.0,0.0
1757390566434988339,1757390566,376852989,-0.26558067546632996,0.2931921721911496,-0.05361390026916486,0.008454309582196428,0.027389841031495017,0.8888268856060237,0.45734569931470237,0.0,0.0,0.0,0.0,0.0,0.0
1757390566524765957,1757390566,478618383,-0.2735111688743576,0.2994146398927775,-0.05404063736869112,0.05214911380446669,-0.010803578939819225,0.8882081027517212,0.4563442985484617,0.0,0.0,0.0,0.0,0.0,0.0
1757390566624732267,1757390566,578739166,-0.2821966777978596,0.30308153535691956,-0.05364185325141366,0.09359179156172093,-0.0439941988930447,0.887860576439622,0.44833991994950523,0.0,0.0,0.0,0.0,0.0,0.0
1757390566733037536,1757390566,678855657,-0.29094891138220297,0.3057909992129174,-0.052412431540871635,0.11359046122715837,-0.06195770447863045,0.8901213952927688,0.43696950879437185,0.0,0.0,0.0,0.0,0.0,0.0
1757390566813843284,1757390566,778752326,-0.30040728088412283,0.311663987270203,-0.05047031696039829,0.1090454611479253,-0.05589236537393594,0.8975644470285357,0.42351292108541577,0.0,0.0,0.0,0.0,0.0,0.0
1757390566918461048,1757390566,878874301,-0.31166227830733884,0.32457815420353914,-0.048734194378916865,0.08852422655722082,-0.03146256437013732,0.9069738356595842,0.4105752425373968,0.0,0.0,0.0,0.0,0.0,0.0
1757390567017235910,1757390566,978736162,-0.32326245877033266,0.34287049257282726,-0.04805693153738307,0.061744249165233925,0.007123461122811061,0.9154164677250332,0.39768026681553686,0.0,0.0,0.0,0.0,0.0,0.0
1757390567121448254,1757390567,78789472,-0.33575544965726767,0.3651309017838564,-0.04921308994037463,0.03863666607005375,0.050783466382136044,0.9202114559262193,0.3861853492292959,0.0,0.0,0.0,0.0,0.0,0.0
1757390567231201044,1757390567,178391456,-0.35110873121511393,0.3904447080803989,-0.05078090015699395,0.02619250876634218,0.0884862781835815,0.9210717603030024,0.3783000706186445,0.0,0.0,0.0,0.0,0.0,0.0
1757390567348270219,1757390567,278756618,-0.3690558272860338,0.4162352379844934,-0.04918849848298882,0.009517247736498056,0.11572368453117576,0.9204137546765778,0.37330412673343877,0.0,0.0,0.0,0.0,0.0,0.0
1757390567445729380,1757390567,378727436,-0.3887107290265203,0.43905002709874164,-0.04579431218826302,-0.006095336281844221,0.12203160239758712,0.9196815772230267,0.3731714504198496,0.0,0.0,0.0,0.0,0.0,0.0
1757390567523210156,1757390567,477010011,-0.4086580049550035,0.4565063695171142,-0.04206396890700591,-0.008462482505089255,0.10252064970123982,0.9215126032627684,0.37447620058230996,0.0,0.0,0.0,0.0,0.0,0.0
1757390567619414288,1757390567,578933954,-0.4292822083181612,0.46819116710015196,-0.03847907861674106,-0.0025289432422470476,0.062413953853827725,0.9264434895975383,0.37121498271587255,0.0,0.0,0.0,0.0,0.0,0.0
1757390567707911787,1757390567,678760290,-0.4492273183870816,0.4764267784365702,-0.035854369413256384,0.013339686407352221,0.02632777383144611,0.93031328128941,0.36557639386066054,0.0,0.0,0.0,0.0,0.0,0.0
1757390567823126564,1757390567,778781890,-0.46433009653907414,0.48307205976987044,-0.03383068104148366,0.03880054239234767,0.006872273465677028,0.934457952498526,0.3538864574686845,0.0,0.0,0.0,0.0,0.0,0.0
1757390567933619013,1757390567,878874063,-0.477169691233007,0.4905133546103611,-0.032315222923234965,0.058763441549536354,-0.00037420151996923195,0.9412777668256208,0.3324798995281503,0.0,0.0,0.0,0.0,0.0,0.0
1757390568032517241,1757390567,978751182,-0.4876485089969812,0.49989530592498754,-0.03184484504575338,0.07421027372364097,-0.009459711747991584,0.9479695933694059,0.3094462783336561,0.0,0.0,0.0,0.0,0.0,0.0
1757390568124986904,1757390568,78800916,-0.496456111918924,0.5077577320755416,-0.03166950870450499,0.07431037474044726,-0.010110744871437009,0.9566149900036209,0.2815377451505415,0.0,0.0,0.0,0.0,0.0,0.0
1757390568248801379,1757390568,178693056,-0.5084868629237376,0.5172424906474259,-0.031320413780001236,0.054933208379808814,-0.004262191652024251,0.9668931717357128,0.2491621375535924,0.0,0.0,0.0,0.0,0.0,0.0
1757390568321854985,1757390568,278928995,-0.521520046690279,0.5250951471187555,-0.030545076146050947,0.039705144451812155,-0.004022506812944027,0.975023975505668,0.21848470914945806,0.0,0.0,0.0,0.0,0.0,0.0
1757390568429777285,1757390568,378814220,-0.5333401555442376,0.5325364082312328,-0.030054607287604854,0.033267128921600796,0.0013503947939820168,0.9819207609661871,0.1863413366668759,0.0,0.0,0.0,0.0,0.0,0.0
1757390568521647287,1757390568,478697299,-0.5452834245504635,0.5389516770004866,-0.030082033325623567,0.032922110508666204,0.01184357043168634,0.9880238987329162,0.1502818685393984,0.0,0.0,0.0,0.0,0.0,0.0
1757390568616226262,1757390568,578740358,-0.5566810500848323,0.5447452914405014,-0.031068398743449015,0.03027267837067022,0.026328412554437627,0.9922872381393852,0.1172877515443971,0.0,0.0,0.0,0.0,0.0,0.0
1757390568719052030,1757390568,678837060,-0.5666459843320528,0.5517484524224592,-0.03165420569241708,0.03205413395055625,0.039304888690855015,0.9948936223154593,0.08726017704373187,0.0,0.0,0.0,0.0,0.0,0.0
1757390568815782900,1757390568,778604269,-0.5773001090857507,0.5563363011364841,-0.03117937043841854,0.04121329730407348,0.043992117706918174,0.9964611280801123,0.05857796454552534,0.0,0.0,0.0,0.0,0.0,0.0
1757390568921268349,1757390568,878575801,-0.5862179164836474,0.5589788026044875,-0.030193657805211674,0.04801734828576634,0.04202474747878433,0.9973586124296929,0.03469946793922528,0.0,0.0,0.0,0.0,0.0,0.0
1757390569006016797,1757390568,978721380,-0.5949198095257683,0.5601065033089246,-0.02859442923124396,0.06349820357278727,0.04357409222420581,0.9969736115585244,0.010625181683989592,0.0,0.0,0.0,0.0,0.0,0.0
1757390569125733971,1757390569,79131126,-0.6021668537016377,0.5611774281422398,-0.02755651927705299,-0.0722154763226947,-0.0415091114716639,-0.9964748305168112,0.009991535958577344,0.0,0.0,0.0,0.0,0.0,0.0
1757390569225459638,1757390569,178730726,-0.6089581990981976,0.5624856731906043,-0.02711067059331742,-0.07683868403622271,-0.03649703625778126,-0.9959066960207738,0.03055545452068899,0.0,0.0,0.0,0.0,0.0,0.0
1757390569323174284,1757390569,278851270,-0.6170753190525665,0.5624734443017494,-0.028127633710293903,-0.085070464079517,-0.02402135525916447,-0.9947704113091622,0.05116463052352492,0.0,0.0,0.0,0.0,0.0,0.0
1757390569406350367,1757390569,378665685,-0.627535881940693,0.5593935851610129,-0.030111049662366773,-0.07990304637179761,-0.012354246929266729,-0.9939728965377586,0.07403213296707892,0.0,0.0,0.0,0.0,0.0,0.0
1757390569513448710,1757390569,478935718,-0.6387294616723475,0.5557288985195922,-0.03371180704537831,-0.07079453923658696,-0.00400035925190967,-0.9924502210533677,0.1000734184049728,0.0,0.0,0.0,0.0,0.0,0.0
1757390569622188536,1757390569,578709363,-0.6522812162965816,0.5511465859631727,-0.03722769225502278,-0.059811875695071196,-0.0030620292919498263,-0.9901137577037693,0.12683812639807626,0.0,0.0,0.0,0.0,0.0,0.0
1757390569709038415,1757390569,678488731,-0.6698442020116837,0.5477581987657391,-0.04109364392391379,-0.04402316114326746,-0.010533909334712049,-0.98823286448764,0.1461054536409759,0.0,0.0,0.0,0.0,0.0,0.0
1757390569812935165,1757390569,778829097,-0.6867374925155062,0.5446975356152634,-0.042455334274359734,-0.04081820115609387,-0.028608067166066047,-0.9843079069350869,0.16927314403788585,0.0,0.0,0.0,0.0,0.0,0.0
1757390569908323792,1757390569,878705739,-0.7040498682978599,0.5428083512656043,-0.04197005131422227,-0.03917765064168869,-0.04609290516394492,-0.9795922886145617,0.1916755171393323,0.0,0.0,0.0,0.0,0.0,0.0
1757390570009303321,1757390569,978732585,-0.721731629384897,0.5397994903910481,-0.03902664847350696,-0.03558524990928395,-0.06002883377270998,-0.9758402496570565,0.2070411462826549,0.0,0.0,0.0,0.0,0.0,0.0
1757390570110704881,1757390570,78691959,-0.7404464415260521,0.5363625439106218,-0.03410869352703544,-0.043416196479803465,-0.06563723763092981,-0.9720760385395775,0.22107682424127995,0.0,0.0,0.0,0.0,0.0,0.0
1757390570222116924,1757390570,178780078,-0.7570870863847001,0.5318549025897442,-0.02883949443064571,-0.05202257936444815,-0.06401829184377439,-0.9687739677261382,0.2338211046972239,0.0,0.0,0.0,0.0,0.0,0.0
1757390570306286116,1757390570,280078887,-0.7726201765870175,0.5249842349735296,-0.023479474111308803,-0.052821806574132116,-0.054533966178587745,-0.9664899378483363,0.24522051977963946,0.0,0.0,0.0,0.0,0.0,0.0
1757390570416521587,1757390570,378652334,-0.7874427047950345,0.5179000005547136,-0.01898695445845381,-0.04687069174933399,-0.04052661786483687,-0.9649455297009578,0.2550310887117773,0.0,0.0,0.0,0.0,0.0,0.0
1757390570518744764,1757390570,478837728,-0.8018085521463878,0.5090913468331577,-0.015854482019432847,-0.03866398709546522,-0.025530544122008815,-0.9620262713334731,0.26899580049311334,0.0,0.0,0.0,0.0,0.0,0.0
1757390570622417217,1757390570,578671455,-0.8163350045979636,0.49966923461020063,-0.013677932067112979,-0.03172401572245717,-0.013255417079366708,-0.9584685785221579,0.28311811091875994,0.0,0.0,0.0,0.0,0.0,0.0
1757390570730431961,1757390570,677381992,-0.8321938331181358,0.4887074026724826,-0.01199173257353485,-0.023141809472436974,-0.005390048811292424,-0.9540003966270169,0.29886225466533556,0.0,0.0,0.0,0.0,0.0,0.0
1757390570822037119,1757390570,778794765,-0.849187418619372,0.4780653402617083,-0.010057464611170838,-0.01785788700236586,-0.0026868934529904447,-0.9482733514535943,0.3169408894389474,0.0,0.0,0.0,0.0,0.0,0.0
1757390570946282074,1757390570,878720998,-0.8672665466311078,0.46681774181640123,-0.009297349775498898,-0.019598524655941144,-0.0063870662999476035,-0.9421586354915972,0.3345328216842139,0.0,0.0,0.0,0.0,0.0,0.0
1757390571043746754,1757390570,978525876,-0.8832990469598547,0.45531672161835124,-0.011150142215776052,-0.015103655948307532,-0.014837655007667677,-0.934749027150906,0.35467728967514034,0.0,0.0,0.0,0.0,0.0,0.0
1757390571123547402,1757390571,78647613,-0.8966839528759776,0.44429876608751895,-0.014093756241572601,-0.014253238903752557,-0.02223661503725672,-0.9290894207256146,0.3689108651533314,0.0,0.0,0.0,0.0,0.0,0.0
1757390571226916227,1757390571,178665399,-0.9086328384473822,0.43316724435917614,-0.01627850606589729,-0.021590035890466076,-0.02166979772656338,-0.9217203432503903,0.3866469954042325,0.0,0.0,0.0,0.0,0.0,0.0
1757390571326828254,1757390571,278880119,-0.919389655084687,0.42035455146952977,-0.017967874236631466,-0.03293350719760767,-0.017302493918588756,-0.9134549049992473,0.40523591195830416,0.0,0.0,0.0,0.0,0.0,0.0
1757390571436052228,1757390571,378679752,-0.9296361587443969,0.4059080042487934,-0.018156068526567957,-0.036303971846565954,-0.01767372790302808,-0.9045475437124832,0.4244565962897582,0.0,0.0,0.0,0.0,0.0,0.0
1757390571506026434,1757390571,478704214,-0.9389881163683513,0.3921173175349336,-0.01578926538007063,-0.03567341538427312,-0.015060841328972143,-0.8962426265598731,0.4418707195892761,0.0,0.0,0.0,0.0,0.0,0.0
1757390571625834592,1757390571,577259540,-0.9482170038007987,0.3779734470366724,-0.011609522041502916,-0.047687462941895783,-0.012302078395231487,-0.8868275730987775,0.4594686282403354,0.0,0.0,0.0,0.0,0.0,0.0
1757390571726300779,1757390571,677232742,-0.9543331640764783,0.36341362990067494,-0.007393230091856801,-0.06303819163949367,-0.004125853451089293,-0.8775099530323264,0.47537926548949005,0.0,0.0,0.0,0.0,0.0,0.0
1757390571810894045,1757390571,778800487,-0.9593857900407541,0.3493180297420673,-0.004448752300734507,-0.07567876649052227,0.002142042332356875,-0.8679718253418862,0.49080856387169297,0.0,0.0,0.0,0.0,0.0,0.0
1757390571907476147,1757390571,878703832,-0.9632981741754754,0.3373561183253053,-0.0014893554011008517,-0.08060965893478787,0.00905320857151426,-0.8586278772506197,0.506140583937973,0.0,0.0,0.0,0.0,0.0,0.0
1757390572023733882,1757390571,978725910,-0.9666345984543918,0.3275755571853109,0.001176727158711463,-0.08043459600131418,0.009346416008582367,-0.8497682005246536,0.5209001110107311,0.0,0.0,0.0,0.0,0.0,0.0
1757390572130060753,1757390572,80381155,-0.9698924514872604,0.31768482148621113,0.0022898379438271582,-0.07523102771233232,0.004000428732263257,-0.8393815238701056,0.5382963369973865,0.0,0.0,0.0,0.0,0.0,0.0
1757390572209895229,1757390572,178741455,-0.974953569241994,0.30961653562761604,0.003337995957696932,-0.06942326589483316,-0.007772601077224047,-0.8295397545335228,0.5540611811645465,0.0,0.0,0.0,0.0,0.0,0.0
1757390572309840499,1757390572,278658628,-0.9833421010370671,0.3011492536287248,0.005359131042965107,-0.056431930042632694,-0.020952218745247615,-0.8223650104775778,0.5657669408365322,0.0,0.0,0.0,0.0,0.0,0.0
1757390572442742890,1757390572,378752708,-0.99395988908849,0.29113024458725467,0.006832264433141597,-0.03752143711449014,-0.03196947601101892,-0.8154805951850307,0.5766814486673837,0.0,0.0,0.0,0.0,0.0,0.0
1757390572517484334,1757390572,478310346,-1.003160573503515,0.2799987011922128,0.008783973451941991,-0.036488021702128365,-0.0416261661015215,-0.8048625391575812,0.5908740810263766,0.0,0.0,0.0,0.0,0.0,0.0
1757390572616922401,1757390572,577196598,-1.00967999440221,0.27034314347497856,0.010497632894888032,-0.05204594913807235,-0.05068584619862232,-0.7966797791889708,0.6000195776846448,0.0,0.0,0.0,0.0,0.0,0.0
1757390572739742562,1757390572,678754091,-1.0137390901994352,0.25861600759856124,0.010540842048454124,-0.06313468738641269,-0.039461938732553464,-0.7875992089262857,0.6116733219119312,0.0,0.0,0.0,0.0,0.0,0.0
1757390572823373624,1757390572,778744935,-1.015489355227972,0.2443845006147294,0.010441777875812519,-0.0765053508179486,-0.024853536321387357,-0.7789153240632083,0.6219486722938246,0.0,0.0,0.0,0.0,0.0,0.0
1757390572945197753,1757390572,878849506,-1.0148359615840015,0.22852797922750623,0.010904440308805496,-0.08606798127324536,-0.011198029612165927,-0.7691242186154615,0.6331783659218856,0.0,0.0,0.0,0.0,0.0,0.0
1757390573021739928,1757390572,978826761,-1.0128110211964056,0.2114468328522717,0.010978289457676114,-0.08871637052510069,-0.008486814299335989,-0.759721004943152,0.6441128583036274,0.0,0.0,0.0,0.0,0.0,0.0
1757390573118503141,1757390573,78745126,-1.014065621153593,0.19352691291274401,0.011854671553257187,-0.08534278424105492,-0.013045707927392854,-0.7489344658748072,0.6569958786076785,0.0,0.0,0.0,0.0,0.0,0.0
1757390573239578270,1757390573,178650856,-1.0169538891701413,0.17358182825500895,0.012507677640452804,-0.07261851006332298,-0.020248440616352108,-0.7418971548986419,0.6662620837193794,0.0,0.0,0.0,0.0,0.0,0.0
1757390573344329276,1757390573,278530597,-1.021828801974144,0.1518673335770969,0.012035859304425703,-0.05613408447721716,-0.028930685316313147,-0.7352158584416134,0.6748848950028401,0.0,0.0,0.0,0.0,0.0,0.0
1757390573435867917,1757390573,378740310,-1.0292664757272583,0.12773634644030218,0.012345688390764512,-0.04049182280366305,-0.03616142356370595,-0.7327344309000632,0.6783457949345919,0.0,0.0,0.0,0.0,0.0,0.0
1757390573515936010,1757390573,478681087,-1.037124510059665,0.10297336957016344,0.012815375414195238,-0.025060768705307754,-0.040746323824663824,-0.7294586164355794,0.6823502193702038,0.0,0.0,0.0,0.0,0.0,0.0
1757390573638152711,1757390573,578749418,-1.0435575238202142,0.07859746002851731,0.012815339857363987,-0.01772987858494142,-0.034762524796773095,-0.7290675503899547,0.6833284168271564,0.0,0.0,0.0,0.0,0.0,0.0
1757390573706630673,1757390573,678500413,-1.0478009852298416,0.05449436969413068,0.012384204662659971,-0.019359448546467154,-0.01747267760708486,-0.7268754071487412,0.6862740413067999,0.0,0.0,0.0,0.0,0.0,0.0
1757390573822771728,1757390573,778640508,-1.049826200811029,0.03044088568542548,0.010490725057339667,-0.026157201507732764,0.005247164745787021,-0.7247070191379495,0.688540488630554,0.0,0.0,0.0,0.0,0.0,0.0
1757390573921457588,1757390573,878845453,-1.0481331055063832,0.007918504689022393,0.007759457673100573,-0.028173380691751175,0.039711088074271365,-0.7219606454795862,0.6902188902681922,0.0,0.0,0.0,0.0,0.0,0.0
1757390574004793481,1757390573,978677272,-1.0450472206672174,-0.014641161156814134,0.005066583493576422,-0.03470547651346708,0.07062313935554437,-0.7166302124521837,0.6930000293566217,0.0,0.0,0.0,0.0,0.0,0.0
1757390574132952237,1757390574,78847408,-1.041397565008176,-0.034882146035312776,0.003357955926490644,-0.05433499350246883,0.07554800803961602,-0.7096124656502117,0.6984198991696615,0.0,0.0,0.0,0.0,0.0,0.0
1757390574215536507,1757390574,178804874,-1.040165599539072,-0.05072006895063935,0.004704022043082019,-0.07056032083099031,0.05237679156127439,-0.6991016196780265,0.709601887112439,0.0,0.0,0.0,0.0,0.0,0.0
1757390574315268850,1757390574,278713464,-1.0424648391913334,-0.064086864263348,0.007466998431823815,-0.07109252956553888,0.022446008308448374,-0.6895248621069814,0.7204148065436594,0.0,0.0,0.0,0.0,0.0,0.0
1757390574414940818,1757390574,378643751,-1.0458949035627236,-0.0764443214306677,0.009450735914075317,-0.05728729010195571,-0.016137906008636724,-0.6800475228345532,0.7307483158167514,0.0,0.0,0.0,0.0,0.0,0.0
1757390574517233092,1757390574,478818178,-1.0525032848432345,-0.08800565003399843,0.011096512241839815,-0.03834460241577584,-0.0542180022841749,-0.6707803719143836,0.7386770555176941,0.0,0.0,0.0,0.0,0.0,0.0
1757390574615560199,1757390574,578771591,-1.0581128295560165,-0.10041643468441916,0.013009424958757114,-0.019894122595584766,-0.07985232542616258,-0.6663179299163692,0.7411128431501849,0.0,0.0,0.0,0.0,0.0,0.0
1757390574727442083,1757390574,678907394,-1.0641349978710066,-0.1146667911916176,0.015744602126299134,-0.008523026520975759,-0.09003277091395889,-0.6634052217670305,0.7427751812713685,0.0,0.0,0.0,0.0,0.0,0.0
1757390574839555839,1757390574,778826713,-1.0653734413404279,-0.13258355854539,0.020166420364161344,-0.0019060430866666561,-0.07230027002406153,-0.6659360364628577,0.7424946015253843,0.0,0.0,0.0,0.0,0.0,0.0
1757390574925093495,1757390574,878416299,-1.0626381600756059,-0.1524564942181746,0.021977524138823673,-0.002646417635865962,-0.03450807199489755,-0.669004348375678,0.7424522686983492,0.0,0.0,0.0,0.0,0.0,0.0
1757390575008747879,1757390574,977154493,-1.0550477767726831,-0.17211595847201078,0.02270275824655514,-0.017704094967021307,0.001719376803214859,-0.6691688510273321,0.7428974744738115,0.0,0.0,0.0,0.0,0.0,0.0
1757390575121795243,1757390575,78882694,-1.044609414420082,-0.19079093380358786,0.02292340914525559,-0.04744223306289807,0.02199046435741648,-0.6633256267771257,0.7465016857717631,0.0,0.0,0.0,0.0,0.0,0.0
1757390575216893044,1757390575,178542375,-1.0341224947722,-0.20656820960696154,0.023332199617971602,-0.07688252217401674,0.020728830103788475,-0.6502500707992253,0.7555357296728547,0.0,0.0,0.0,0.0,0.0,0.0
1757390575321353831,1757390575,278706550,-1.0242867985521764,-0.22180939820164908,0.024104648179071167,-0.08822028764924354,0.01801486769121035,-0.6346636352209096,0.7675250585598709,0.0,0.0,0.0,0.0,0.0,0.0
1757390575420682796,1757390575,378839254,-1.0155004110363484,-0.23759844659572155,0.02477276239080957,-0.08017383851009582,0.012361378726980385,-0.6170126925628651,0.7827609399751937,0.0,0.0,0.0,0.0,0.0,0.0
1757390575517434913,1757390575,478730916,-1.0108144514090678,-0.2547543040348149,0.025741734884461867,-0.061290008968368795,-0.004720902330888687,-0.5996238580702629,0.7979175876710406,0.0,0.0,0.0,0.0,0.0,0.0
1757390575644414757,1757390575,578802108,-1.0119128271021418,-0.27283724380202184,0.027145634504064,-0.03445959150133569,-0.03923032338571624,-0.5822634212245643,0.8113216542065662,0.0,0.0,0.0,0.0,0.0,0.0
1757390575710656234,1757390575,678787946,-1.0153972481728002,-0.2903458419507026,0.029417522907104948,-0.007268023278856155,-0.07253795223804699,-0.5695912940519506,0.8186886948425226,0.0,0.0,0.0,0.0,0.0,0.0
1757390575826301154,1757390575,779573440,-1.0196696079096932,-0.3075722206123521,0.03214864099980333,0.004625753081725498,-0.08117960284238192,-0.5613792210710676,0.8235543968921674,0.0,0.0,0.0,0.0,0.0,0.0
1757390575908918669,1757390575,878843545,-1.02089962859545,-0.3247589103235094,0.0338779374250152,-0.0023027752335585683,-0.06664276136140662,-0.5547149106759768,0.8293640982452118,0.0,0.0,0.0,0.0,0.0,0.0
1757390576029050541,1757390575,978832960,-1.0160359592587298,-0.33981274439890197,0.03450987151448599,-0.02520585688799193,-0.033005008521012555,-0.5473152251987601,0.8358955547535234,0.0,0.0,0.0,0.0,0.0,0.0
1757390576107300387,1757390576,78746080,-1.0054524037191717,-0.3536091756762125,0.03408108159122818,-0.05696302246273902,0.0031490561054212766,-0.5359286684405488,0.842333520561241,0.0,0.0,0.0,0.0,0.0,0.0
1757390576220712032,1757390576,178867578,-0.9914372843230443,-0.3662755066667455,0.03278297987649831,-0.07804800050448026,0.04116171680103692,-0.5180754573799139,0.8507714400165517,0.0,0.0,0.0,0.0,0.0,0.0
1757390576307743870,1757390576,278843164,-0.9763010802692214,-0.37793512241536653,0.030620545724547796,-0.08637798066920453,0.0629739600067292,-0.4952794425966819,0.8621318916254643,0.0,0.0,0.0,0.0,0.0,0.0
1757390576428295148,1757390576,378622293,-0.9629733728655885,-0.39028354212487526,0.028919496423832777,-0.08447000399043321,0.06114149287948663,-0.4709108493842455,0.8759962946305951,0.0,0.0,0.0,0.0,0.0,0.0
1757390576507419694,1757390576,475679636,-0.9542691160713772,-0.4026208870531007,0.0278603638663944,-0.07464469690933277,0.0373245256611959,-0.4491498678294183,0.8895501364376809,0.0,0.0,0.0,0.0,0.0,0.0
1757390576628367927,1757390576,578881740,-0.9503090636030775,-0.4165064586157024,0.026898675527379998,-0.0467351617647965,0.008020984034199256,-0.4198138323176224,0.9063706938470223,0.0,0.0,0.0,0.0,0.0,0.0
1757390576708116633,1757390576,678714513,-0.9485616540311279,-0.4290250159527644,0.025724740611016428,-0.02142904792393937,-0.020907848878722515,-0.3952101278056344,0.9181027244487363,0.0,0.0,0.0,0.0,0.0,0.0
1757390576831940377,1757390576,778768777,-0.9482718539182436,-0.4407062419770687,0.024611500841910355,0.004416535144291302,-0.042970509128100985,-0.3700915541223931,0.9279904477578758,0.0,0.0,0.0,0.0,0.0,0.0
1757390576935479500,1757390576,878859281,-0.9463362238734665,-0.4528817529673431,0.023268613604859156,0.01888960928567443,-0.049310514040365246,-0.34678738175683266,0.9364561750131987,0.0,0.0,0.0,0.0,0.0,0.0
1757390577028602439,1757390576,978726387,-0.9403130417304646,-0.46409112041220696,0.02259475167690872,0.02646529037593051,-0.03901934800452459,-0.32598981907556623,0.9441968633424382,0.0,0.0,0.0,0.0,0.0,0.0
1757390577107282193,1757390577,78643798,-0.9314853301250035,-0.4755045429067693,0.022343680522436474,0.025307842220619593,-0.0224365005725193,-0.3023211872107144,0.9526059081948317,0.0,0.0,0.0,0.0,0.0,0.0
1757390577207004017,1757390577,178823709,-0.9182674663680235,-0.4842981622663225,0.021621817017207723,0.016547155893484794,-0.0032873666408066724,-0.2774503479335272,0.960591843232062,0.0,0.0,0.0,0.0,0.0,0.0
1757390577314383176,1757390577,278807878,-0.9042506933274472,-0.4903324802835487,0.02140356165862685,-0.004362135171623934,0.005379879219975339,-0.2506046599923688,0.9680647359895062,0.0,0.0,0.0,0.0,0.0,0.0
1757390577432563222,1757390577,378607749,-0.8912601761966433,-0.4937028463640846,0.020318172338274626,-0.03895004058795899,0.00760216459444012,-0.2194566637409083,0.9748147896761646,0.0,0.0,0.0,0.0,0.0,0.0
1757390577525600699,1757390577,478841066,-0.8791659228773825,-0.4958999102548174,0.017619033596489794,-0.06748260053929994,0.011567446117039623,-0.18706463435026546,0.9799587314730066,0.0,0.0,0.0,0.0,0.0,0.0
1757390577619813289,1757390577,578846693,-0.8689026778879969,-0.49852284163007243,0.01567813047055476,-0.08089260716801648,0.010460529463071699,-0.15435770863535836,0.9846424027096105,0.0,0.0,0.0,0.0,0.0,0.0
1757390577734673037,1757390577,678851604,-0.8594023899474381,-0.5014014569399929,0.014325521298295084,-0.07404259132467374,0.007551164020719026,-0.12329658959987622,0.9895749721900302,0.0,0.0,0.0,0.0,0.0,0.0
1757390577811368020,1757390577,780525684,-0.8499030364195639,-0.5063548891331648,0.013486096199184977,-0.05587261251183591,0.00664163709505153,-0.09583674940714493,0.9938055429966528,0.0,0.0,0.0,0.0,0.0,0.0
1757390577947128089,1757390577,878789424,-0.8410643312376055,-0.512915203400922,0.012963389720972357,-0.031085197480745584,0.005681981703230327,-0.06867971624096196,0.9971381660324551,0.0,0.0,0.0,0.0,0.0,0.0
1757390578048913138,1757390577,978867292,-0.8317147593468973,-0.5206295620862953,0.013010457888186257,-0.006794075018679142,0.008708958266954914,-0.046561195483220554,0.9988543685972038,0.0,0.0,0.0,0.0,0.0,0.0
1757390578144395333,1757390578,78859329,-0.819063224734078,-0.5277236526096619,0.012938249941847793,0.011349414851964919,0.02168804787540895,-0.02352567126279778,0.9994235149092234,0.0,0.0,0.0,0.0,0.0,0.0
1757390578241722885,1757390578,178855419,-0.8059146726510764,-0.5329979425607438,0.012098621330975973,0.0214003652303645,0.01607883135508473,-0.0019840647141846296,0.9996397146159568,0.0,0.0,0.0,0.0,0.0,0.0
1757390578327545766,1757390578,278960704,-0.7925138652556958,-0.536356159632242,0.011047478556646215,0.025831749706334405,0.0019378087206457799,0.018285675349628355,0.9994971734234567,0.0,0.0,0.0,0.0,0.0,0.0
1757390578426487384,1757390578,378920078,-0.7787848055935966,-0.5369869868052597,0.009960127910772658,0.0215527239057587,0.0033410795110086528,0.03566017527634691,0.9991259526101819,0.0,0.0,0.0,0.0,0.0,0.0
1757390578511590148,1757390578,478852033,-0.7637460378866707,-0.5365215872008507,0.009357906001976377,0.007964852949153325,0.011806781743754787,0.05191138990745532,0.9985501332533234,0.0,0.0,0.0,0.0,0.0,0.0
1757390578612629409,1757390578,578804969,-0.7480082349667303,-0.5333050642666145,0.007809817507618486,-0.009405657445082153,0.017530571038057625,0.06762022939761139,0.9975127654638409,0.0,0.0,0.0,0.0,0.0,0.0
1757390578718589036,1757390578,678746700,-0.7289550844699298,-0.5284438843707211,0.005619128788161808,-0.024396602960285414,0.01760478510322975,0.08230199921730415,0.9961532302965754,0.0,0.0,0.0,0.0,0.0,0.0
1757390578807795215,1757390578,778831243,-0.7100068201431788,-0.5223636974070887,0.00371021986757325,-0.03098279094146342,0.017185927979774612,0.10211511547058942,0.9941414455385008,0.0,0.0,0.0,0.0,0.0,0.0
1757390578939501151,1757390578,878947734,-0.6922355485319476,-0.5165321982964021,0.0012982317636767854,-0.028899836448028286,0.015530467331712774,0.1180899570247924,0.9924607629965118,0.0,0.0,0.0,0.0,0.0,0.0
1757390579018775310,1757390578,978764533,-0.6741332967715227,-0.5108623602198324,-0.00018638852281275403,-0.019786488839112257,0.01540263437540175,0.133101758528912,0.9907851308887455,0.0,0.0,0.0,0.0,0.0,0.0
1757390579116462768,1757390579,78858375,-0.6540296859030775,-0.5069239691448475,-0.0012631192114061982,-0.004974235393994077,0.016730561082906784,0.14447692349314376,0.9893542155800685,0.0,0.0,0.0,0.0,0.0,0.0
1757390579218103725,1757390579,178889989,-0.6329171707818644,-0.5044185731170615,-0.001646381871886697,0.011957193878546796,0.014298017336717638,0.15381419903729346,0.9879239770292578,0.0,0.0,0.0,0.0,0.0,0.0
1757390579317546706,1757390579,278930425,-0.6125232731403791,-0.5015751389799366,-4.9474729035950404e-05,0.02208484222424,0.008668232375155625,0.16217501432732198,0.9864767540187421,0.0,0.0,0.0,0.0,0.0,0.0
1757390579425265932,1757390579,378787040,-0.5908150857468643,-0.4950934343237323,0.0036673061083631053,0.020020862189832553,0.008061108127346447,0.16950638084779518,0.9852927333867927,0.0,0.0,0.0,0.0,0.0,0.0
1757390579528970701,1757390579,478896617,-0.5686978303033325,-0.4866301058803283,0.006780945913711492,0.0035820836494366063,0.01232496502924229,0.17280513456167626,0.9848724025897352,0.0,0.0,0.0,0.0,0.0,0.0
1757390579624604847,1757390579,578025817,-0.5470544657480101,-0.4767091237851483,0.008802833343458272,-0.015310161570153438,0.008630621928608216,0.17895603263142099,0.9837000811744618,0.0,0.0,0.0,0.0,0.0,0.0
1757390579734593216,1757390579,678844928,-0.525304355019347,-0.4655380768376567,0.008496338646905112,-0.03520367085715503,0.010491412934503366,0.1904484340259846,0.9810096970926786,0.0,0.0,0.0,0.0,0.0,0.0
1757390579809338418,1757390579,779039621,-0.5046080943515308,-0.4546546162512938,0.006889494380804842,-0.04979339891662552,0.008422762970478784,0.19963189480330734,0.9785687411038194,0.0,0.0,0.0,0.0,0.0,0.0
1757390579914688170,1757390579,878957748,-0.4866157831292813,-0.44405106138403594,0.0031222014616778607,-0.05460424378343091,0.0003238789999598646,0.2128412075518469,0.9755597839348981,0.0,0.0,0.0,0.0,0.0,0.0
1757390580019462468,1757390579,978836297,-0.47087768214629566,-0.4343322262727443,-0.0005721114082444939,-0.05032013422989991,-0.00984393447503876,0.22327794669404047,0.97340533158866,0.0,0.0,0.0,0.0,0.0,0.0
1757390580118365573,1757390580,78970432,-0.4564875074299335,-0.42611697184652186,-0.004033078200632985,-0.03985084849779375,-0.01371016777656783,0.237087231612008,0.970573843548289,0.0,0.0,0.0,0.0,0.0,0.0
1757390580228854721,1757390580,179283618,-0.4419325939190233,-0.4193375543214854,-0.006575388427766372,-0.023489407349805425,-0.016665613338404616,0.24899206760068127,0.9680771949314515,0.0,0.0,0.0,0.0,0.0,0.0
1757390580328527235,1757390580,278899669,-0.42734755610763825,-0.41445902505544957,-0.008118572279730674,-0.003972470456912657,-0.016184332366404486,0.25589686377597876,0.9665604388624338,0.0,0.0,0.0,0.0,0.0,0.0
1757390580412845122,1757390580,378925561,-0.4116362105153076,-0.40998828592674386,-0.009507757602723557,0.013693911821551236,-0.013920876162073062,0.26289887718264876,0.9646257649275217,0.0,0.0,0.0,0.0,0.0,0.0
1757390580512292180,1757390580,478944540,-0.3934753716905318,-0.4046564007980764,-0.01097760143693674,0.0252991730128928,-0.009051634666833648,0.2671540971822488,0.9632791434020875,0.0,0.0,0.0,0.0,0.0,0.0
1757390580618849412,1757390580,578825950,-0.37362963023174833,-0.39830362842345546,-0.012346253918688675,0.027221166103931195,0.0038814411476606036,0.2708722629575848,0.9622225104885025,0.0,0.0,0.0,0.0,0.0,0.0
1757390580729566933,1757390580,678982019,-0.3516487129457654,-0.38758825953339965,-0.013478384643091645,0.019561183398923612,0.021699469802045252,0.2723323948530616,0.9617596164468228,0.0,0.0,0.0,0.0,0.0,0.0
1757390580826030273,1757390580,778816938,-0.3279540263334952,-0.3726666557600407,-0.01596354967217457,0.004578712688271952,0.03510311728179113,0.2780013286522457,0.9599281576320204,0.0,0.0,0.0,0.0,0.0,0.0
1757390580913520292,1757390580,878932476,-0.3032409156781023,-0.35543879214026436,-0.018605573472325988,-0.016619410087220204,0.05507066892277239,0.28153646568633134,0.9578247413392496,0.0,0.0,0.0,0.0,0.0,0.0
1757390581028566681,1757390580,978883743,-0.2799412269948667,-0.337445502840927,-0.01980150632362802,-0.029673163423724586,0.062145974749973056,0.2882454074127579,0.9550769426073786,0.0,0.0,0.0,0.0,0.0,0.0
1757390581108209489,1757390581,79028367,-0.2580069889570151,-0.32176674851396614,-0.01957467764146231,-0.03214040622172798,0.049892795025574845,0.2970213196820747,0.9530246790858866,0.0,0.0,0.0,0.0,0.0,0.0
1757390581208884153,1757390581,178844451,-0.23931817540257266,-0.30786293464875947,-0.019444273484963064,-0.018770029598185023,0.025058954883200348,0.304255445821837,0.9520758154983248,0.0,0.0,0.0,0.0,0.0,0.0
1757390581307954084,1757390581,279000520,-0.22234097944428644,-0.29734883828815883,-0.020004285495516347,0.0007115744011292179,0.004369963778290519,0.30985591740218466,0.9507732156141646,0.0,0.0,0.0,0.0,0.0,0.0
1757390581435737705,1757390581,378980875,-0.2093096256863869,-0.28879723936897467,-0.02092945645412259,0.023409845195964882,-0.00676713897462131,0.31717958584178046,0.9480523694940253,0.0,0.0,0.0,0.0,0.0,0.0
1757390581511238307,1757390581,478910207,-0.19691484509418697,-0.28211704842918717,-0.021998056057524994,0.04509533557308067,-0.005198662916055826,0.32432000134519146,0.9448576196130777,0.0,0.0,0.0,0.0,0.0,0.0
1757390581612444965,1757390581,578917741,-0.18477018474981868,-0.27600722227609503,-0.023945517847341856,0.05558113517799519,0.00014298895607850817,0.32676371096311857,0.9434702932069963,0.0,0.0,0.0,0.0,0.0,0.0
1757390581734976018,1757390581,678882360,-0.17292198137611992,-0.2673452585954178,-0.027379738871652536,0.05192340035551878,0.006592254730522738,0.33159612847173126,0.9419684231733287,0.0,0.0,0.0,0.0,0.0,0.0
1757390581830287573,1757390581,778894901,-0.16182099816635687,-0.257595909578372,-0.0330387234175291,0.03238852691036912,0.012230458819400297,0.338950972871402,0.9401668134917194,0.0,0.0,0.0,0.0,0.0,0.0
1757390581911967650,1757390581,878914117,-0.150874457402627,-0.2458983445746507,-0.03775030617756813,0.008876640380763013,0.01500091733206621,0.34482598928357755,0.938504776146264,0.0,0.0,0.0,0.0,0.0,0.0
1757390582011706073,1757390581,978991270,-0.14036912890861336,-0.23312606317978418,-0.04127281729163585,-0.018261715152105944,0.021776523372691585,0.35314530329718485,0.9351367213133284,0.0,0.0,0.0,0.0,0.0,0.0
1757390582145885868,1757390582,79006195,-0.1309803348839902,-0.22015088423307147,-0.04263095690628746,-0.03907657975996753,0.03374059979480645,0.36137449820947704,0.9309903677716532,0.0,0.0,0.0,0.0,0.0,0.0
1757390582222993531,1757390582,179017305,-0.12117171012663165,-0.20629500848840768,-0.042142205072660525,-0.04287717758576852,0.019551195053816587,0.37310104102540725,0.9265931748075871,0.0,0.0,0.0,0.0,0.0,0.0
1757390582344044676,1757390582,279029846,-0.1105609795142812,-0.19356395942134044,-0.04038414230025919,-0.035289811467744917,0.0039335095877724505,0.3851336841068077,0.9221774244011897,0.0,0.0,0.0,0.0,0.0,0.0
1757390582427609186,1757390582,379331350,-0.09975746635156761,-0.18355414311194918,-0.037965959798550254,-0.010625064184361925,-0.019623551603653318,0.3975252511439608,0.9173198454936358,0.0,0.0,0.0,0.0,0.0,0.0
1757390582510367830,1757390582,478885173,-0.08865017484758497,-0.17458624945111978,-0.036609074064774,0.013196663216184668,-0.03019913208098568,0.40964565409517073,0.9116492190434068,0.0,0.0,0.0,0.0,0.0,0.0
1757390582634730814,1757390582,578962802,-0.07598554461008782,-0.16507972838434037,-0.036464730316896996,0.03323058466718212,-0.02904416482126226,0.4197841862541989,0.9065502753313864,0.0,0.0,0.0,0.0,0.0,0.0
1757390582709735583,1757390582,678747653,-0.06193223666881426,-0.1553420116463789,-0.03704462070253979,0.053066075327643625,-0.013894770818124444,0.4297919735777638,0.9012601103129794,0.0,0.0,0.0,0.0,0.0,0.0
1757390582825538827,1757390582,778781175,-0.04720889692306923,-0.14443501400149886,-0.038281799322115326,0.06320055573244965,0.0038143335517614244,0.4369508266073437,0.8972542090967445,0.0,0.0,0.0,0.0,0.0,0.0
1757390582939611631,1757390582,879116535,-0.03149495817908104,-0.1323943333872803,-0.04071423000712483,0.0653765960564303,0.0168598430889106,0.4442330712887507,0.8933636576179128,0.0,0.0,0.0,0.0,0.0,0.0
1757390583047946828,1757390582,978937149,-0.01663233514635901,-0.11793779559888462,-0.042478364960546425,0.052622439920705553,0.02968006580439212,0.44981027318922584,0.8910783863634404,0.0,0.0,0.0,0.0,0.0,0.0
1757390583110815767,1757390583,78910112,-0.0013092796081952667,-0.10083549131047434,-0.04300043483538486,0.02938863625958832,0.036256501566634625,0.4569905588280185,0.8882462514950489,0.0,0.0,0.0,0.0,0.0,0.0
1757390583206363558,1757390583,178997516,0.009937113699942499,-0.08128775581177526,-0.045161178232857445,0.001974374825991448,0.034467133787590046,0.46541627749728504,0.8844183439826907,0.0,0.0,0.0,0.0,0.0,0.0
1757390583331423026,1757390583,278957366,0.017780654186564455,-0.06030756395723862,-0.04798341085133911,-0.023114803513375373,0.03160284269528951,0.47912828335276114,0.8768711731397897,0.0,0.0,0.0,0.0,0.0,0.0
1757390583429291292,1757390583,378915071,0.023613966535044915,-0.04012738465915118,-0.04902512998220122,-0.04075408630283058,0.029629717409813964,0.49371152901900545,0.8681647945001867,0.0,0.0,0.0,0.0,0.0,0.0
1757390583510473490,1757390583,477771997,0.028332489673173727,-0.022272812578281714,-0.048988349864141856,-0.050189799569094445,0.03684310346040667,0.5176160372370223,0.8533447180018526,0.0,0.0,0.0,0.0,0.0,0.0
1757390583609044081,1757390583,578887701,0.032740089660116885,-0.007511374873652889,-0.04799863590728924,-0.042910741870671114,0.03437349351372647,0.5442264925556327,0.8371347896105884,0.0,0.0,0.0,0.0,0.0,0.0
